Item number,Title,Variation details,Custom label (SKU),Available quantity,Format,Currency,Start price,Auction Buy It Now price,Reserve price,Current price,Sold quantity,Watchers,Bids,Start date,End date,eBay category 1 name,eBay category 1 number,eBay category 2 name,eBay category 2 number,Condition,CD:Professional Grader - (ID: 27501),CD:Grade - (ID: 27502),CDA:Certification Number - (ID: 27503),CD:Card Condition - (ID: 40001),eBay Product ID(ePID),Listing site,P:UPC,P:EAN,P:ISBN
2.86045E+11,"[Fast Shipping] Motherboard Input Output Shield, IO Shield, 3D Printed, IO Plate",,,6,FIXED_PRICE,USD,2.99,,,2.99,73,19,,Sep-03-24 17:16:30 PDT,Dec-03-25 17:16:30 PST,Motherboard Backplates,170080,,,New,,,,,,US,,,
2.86055E+11,"Asus X570-Tuf Gaming Wifi IO Shield, 3D Printed, I/O Backplate",,,7,FIXED_PRICE,USD,5,,,5,2,2,,Sep-10-24 16:00:09 PDT,Dec-10-25 16:00:09 PST,Other Motherboard Accessories,170082,,,New,,,,,,US,,,
2.86055E+11,"Asus X99-A IO Shield, 3D Printed, I/O Backplate",,,7,FIXED_PRICE,USD,5,,,5,0,1,,Sep-10-24 20:06:30 PDT,Dec-10-25 20:06:30 PST,Other Motherboard Accessories,170082,,,New,,,,,,US,,,
2.86055E+11,"Asus ROG Maximus VII 7 Ranger IO Shield,  I/O Backplate",,,7,FIXED_PRICE,USD,5,,,5,0,1,,Sep-10-24 20:08:51 PDT,Dec-10-25 20:08:51 PST,Other Motherboard Accessories,170082,,,New,,,,,,US,,,
2.86055E+11,"Asus Z690-A Gaming Wifi D4/D5 IO Shield, 3D Printed, I/O Backplate",,,7,FIXED_PRICE,USD,5,,,5,1,0,,Sep-10-24 20:11:31 PDT,Dec-10-25 20:11:31 PST,Other Motherboard Accessories,170082,,,New,,,,,,US,,,
2.86056E+11,"Asus Z97-K IO Shield, 3D Printed, I/O Backplate",,,7,FIXED_PRICE,USD,5,,,5,0,0,,Sep-11-24 11:38:07 PDT,Dec-11-25 11:38:07 PST,Other Motherboard Accessories,170082,,,New,,,,,,US,,,
2.86056E+11,"Asus Z270 Mark 1 IO Shield, 3D Printed, I/O Backplate",,,7,FIXED_PRICE,USD,5,,,5,0,,,Sep-11-24 11:40:08 PDT,Dec-11-25 11:40:08 PST,Other Motherboard Accessories,170082,,,New,,,,,,US,,,
2.86056E+11,"Asus Z370 Plus Gaming IO Shield, 3D Printed, I/O Backplate",,,7,FIXED_PRICE,USD,5,,,5,0,,,Sep-11-24 11:42:42 PDT,Dec-11-25 11:42:42 PST,Other Motherboard Accessories,170082,,,New,,,,,,US,,,
2.86063E+11,"Asus X58 Sabertooth IO Shield, 3D Printed, I/O Backplate",,,6,FIXED_PRICE,USD,5,,,5,1,3,,Sep-15-24 20:13:37 PDT,Dec-15-25 20:13:37 PST,Other Motherboard Accessories,170082,,,New,,,,,,US,,,
2.86063E+11,"Asus X99 WS-IPMI IO Shield, 3D Printed, I/O Backplate",,,6,FIXED_PRICE,USD,5,,,5,0,,,Sep-15-24 20:19:45 PDT,Dec-15-25 20:19:45 PST,Other Motherboard Accessories,170082,,,New,,,,,,US,,,
2.86063E+11,"Asus TUF B365M-Plus Gaming IO Shield, 3D Printed, I/O Backplate",,,6,FIXED_PRICE,USD,5,,,5,0,0,,Sep-15-24 20:29:35 PDT,Dec-15-25 20:29:35 PST,Other Motherboard Accessories,170082,,,New,,,,,,US,,,
2.86063E+11,"Asus TUF Z390 Gaming IO Shield, 3D Printed, I/O Backplate",,,6,FIXED_PRICE,USD,5,,,5,0,,,Sep-15-24 20:30:56 PDT,Dec-15-25 20:30:56 PST,Other Motherboard Accessories,170082,,,New,,,,,,US,,,
2.86064E+11,"Asus Maximus 7 Formula IO Shield, 3D Printed, I/O Backplate",,,5,FIXED_PRICE,USD,5,,,5,1,0,,Sep-16-24 13:01:40 PDT,Dec-16-25 13:01:40 PST,Other Motherboard Accessories,170082,,,New,,,,,,US,,,
2.86064E+11,"Asus P9X79 IO Shield, 3D Printed, I/O Backplate",,,5,FIXED_PRICE,USD,5,,,5,1,2,,Sep-16-24 13:06:15 PDT,Dec-16-25 13:06:15 PST,Other Motherboard Accessories,170082,,,New,,,,,,US,,,
2.86065E+11,"Asus H570M Plus IO Shield, 3D Printed WHITE, I/O Backplate",,,6,FIXED_PRICE,USD,5,,,5,0,,,Sep-17-24 11:21:07 PDT,Dec-17-25 11:21:07 PST,Other Motherboard Accessories,170082,,,New,,,,,,US,,,
2.86065E+11,"Asus H510M-K Prime IO Shield, 3D Printed WHITE, I/O Backplate",,,6,FIXED_PRICE,USD,5,,,5,0,1,,Sep-17-24 11:33:27 PDT,Dec-17-25 11:33:27 PST,Other Motherboard Accessories,170082,,,New,,,,,,US,,,
2.86072E+11,"Asus H87 Plus IO Shield, 3D Printed, I/O Backplate",,,6,FIXED_PRICE,USD,5,,,5,0,,,Sep-21-24 16:55:03 PDT,Dec-21-25 16:55:03 PST,Other Motherboard Accessories,170082,,,New,,,,,,US,,,
2.86149E+11,"[Fast Ship] 4 (FOUR) Motherboard, IO Shield, I/O Plate, 3D Printed",,,2,FIXED_PRICE,USD,7.99,,,7.99,35,17,,Nov-06-24 20:07:58 PST,Dec-06-25 20:07:58 PST,Motherboard Backplates,170080,,,New,,,,,,US,,,
2.86169E+11,"Intel D815EEA IO Shield, 3D Printed, I/O Backplate",,,6,FIXED_PRICE,USD,5,,,5,0,1,,Nov-17-24 23:16:04 PST,Dec-17-25 23:16:04 PST,Other Motherboard Accessories,170082,,,New,,,,,,US,,,
2.86178E+11,"Gigabyte Z390 UD I/O Shield, 3D Printed, IO Backplate",,,5,FIXED_PRICE,USD,5,,,5,4,2,,Nov-22-24 16:34:55 PST,Dec-22-25 16:34:55 PST,Other Motherboard Accessories,170082,,,New,,,,,,US,,,
2.86178E+11,"Gigabyte B460M DS3H I/O Shield, 3D Printed, IO Backplate",,,6,FIXED_PRICE,USD,5,,,5,8,1,,Nov-22-24 16:37:48 PST,Dec-22-25 16:37:48 PST,Other Motherboard Accessories,170082,,,New,,,,,,US,,,
2.86291E+11,"ASUS Z87 Plus I/O Shield, 3D Printed, Random Black/White Color, IO Backplate",,,6,FIXED_PRICE,USD,5,,,5,5,1,,Jan-29-25 22:09:56 PST,Nov-29-25 22:09:56 PST,Other Motherboard Accessories,170082,,,New,,,,,,US,,,
2.86291E+11,"Intel DZ77BH-55K I/O Shield, 3D Printed, Random Black/White Color, IO Backplate",,,6,FIXED_PRICE,USD,5,,,5,1,1,,Jan-29-25 22:10:48 PST,Nov-29-25 22:10:48 PST,Other Motherboard Accessories,170082,,,New,,,,,,US,,,
2.86291E+11,"Msi X58A-GD65 I/O Shield, 3D Printed, Random Black/White Color, IO Backplate",,,7,FIXED_PRICE,USD,5,,,5,2,0,,Jan-29-25 22:12:38 PST,Nov-29-25 22:12:38 PST,Other Motherboard Accessories,170082,,,New,,,,,,US,,,
2.86298E+11,[For DELL Case] Motherboard IO Shield [Read Description Please].,,,6,FIXED_PRICE,USD,2.99,,,2.99,5,2,,Feb-02-25 20:09:03 PST,Dec-02-25 20:09:03 PST,Motherboard Backplates,170080,,,New,,,,,,US,,,
2.86298E+11,"HP TP01-1137C I/O Shield, 3D Printed, Black/White color, IO Backplate",,,6,FIXED_PRICE,USD,5,,,5,1,0,,Feb-02-25 21:09:28 PST,Dec-02-25 21:09:28 PST,Other Motherboard Accessories,170082,,,New,,,,,,US,,,
2.86306E+11,"AAEON EMB-H81A I/O Shield, 3D Printed, Black/White color, IO Backplate",,,6,FIXED_PRICE,USD,5,,,5,3,0,,Feb-06-25 18:46:57 PST,Dec-06-25 18:46:57 PST,Other Motherboard Accessories,170082,,,New,,,,,,US,,,
2.86307E+11,"[LGA 1700 1851] Bracket for NZXT Kraken Water Cooler, Heat Resistant PETG",,,9,FIXED_PRICE,USD,8.99,,,8.99,2,8,,Feb-06-25 21:37:46 PST,Dec-06-25 21:37:46 PST,Water Cooling,131503,,,New,,,,,,US,,,
2.86307E+11,"[LGA 1700-1851] MSI MAG Coreliquid Bracket, C240 C360, Strong PETG, Random Color",,,4,FIXED_PRICE,USD,7.99,,,7.99,2,0,,Feb-06-25 21:59:51 PST,Dec-06-25 21:59:51 PST,Water Cooling,131503,,,New,,,,,,US,,,
2.86308E+11,[LGA 1151 1150 1155 1200] Bracket for HP Cooler Master Thermaltake Asus Corsair,,,5,FIXED_PRICE,USD,7.99,,,7.99,1,1,,Feb-07-25 08:38:52 PST,Dec-07-25 08:38:52 PST,Water Cooling,131503,,,New,,,,,,US,,,
2.86308E+11,"MSI A520M-Pro I/O Shield, 3D Printed, Black/White color, IO Backplate",,,6,FIXED_PRICE,USD,5,,,5,4,2,,Feb-07-25 09:02:03 PST,Dec-07-25 09:02:03 PST,Other Motherboard Accessories,170082,,,New,,,,,,US,,,
2.86308E+11,"Msi B450 Gaming Carbon I/O Shield, 3D Printed, Black/White color, IO Backplate",,,6,FIXED_PRICE,USD,5,,,5,0,,,Feb-07-25 09:03:23 PST,Dec-07-25 09:03:23 PST,Other Motherboard Accessories,170082,,,New,,,,,,US,,,
2.86308E+11,"Msi B450M-A Pro Max I/O Shield, 3D Printed, Black/White color, IO Backplate",,,6,FIXED_PRICE,USD,5,,,5,0,,,Feb-07-25 09:03:52 PST,Dec-07-25 09:03:52 PST,Other Motherboard Accessories,170082,,,New,,,,,,US,,,
2.86308E+11,"Msi B560M Bazooka I/O Shield, 3D Printed, Black/White color, IO Backplate",,,6,FIXED_PRICE,USD,5,,,5,0,1,,Feb-07-25 09:04:14 PST,Dec-07-25 09:04:14 PST,Other Motherboard Accessories,170082,,,New,,,,,,US,,,
2.86308E+11,"Msi B660M-G I/O Shield, 3D Printed, Black/White color, IO Backplate",,,6,FIXED_PRICE,USD,5,,,5,0,,,Feb-07-25 09:04:34 PST,Dec-07-25 09:04:34 PST,Other Motherboard Accessories,170082,,,New,,,,,,US,,,
2.86308E+11,"Msi H410M Pro-VH I/O Shield, 3D Printed, Black/White color, IO Backplate",,,6,FIXED_PRICE,USD,5,,,5,0,,,Feb-07-25 09:04:59 PST,Dec-07-25 09:04:59 PST,Other Motherboard Accessories,170082,,,New,,,,,,US,,,
2.86308E+11,"Msi H610M-E DDR4 Pro I/O Shield, 3D Printed, Black/White color, IO Backplate",,,6,FIXED_PRICE,USD,5,,,5,0,1,,Feb-07-25 09:05:17 PST,Dec-07-25 09:05:17 PST,Other Motherboard Accessories,170082,,,New,,,,,,US,,,
2.86308E+11,"Msi Pro Z690-A Wifi I/O Shield, 3D Printed, Black/White color, IO Backplate",,,4,FIXED_PRICE,USD,5,,,5,8,4,,Feb-07-25 09:05:40 PST,Dec-07-25 09:05:40 PST,Other Motherboard Accessories,170082,,,New,,,,,,US,,,
2.86308E+11,"Msi X99A Sli Plus I/O Shield, 3D Printed, Black/White color, IO Backplate",,,6,FIXED_PRICE,USD,5,,,5,0,,,Feb-07-25 09:06:05 PST,Dec-07-25 09:06:05 PST,Other Motherboard Accessories,170082,,,New,,,,,,US,,,
2.86308E+11,"Msi Z87-G45 Gaming I/O Shield, 3D Printed, Black/White color, IO Backplate",,,7,FIXED_PRICE,USD,5,,,5,1,3,,Feb-07-25 09:06:25 PST,Dec-07-25 09:06:25 PST,Other Motherboard Accessories,170082,,,New,,,,,,US,,,
2.86308E+11,"Msi Z370 Gaming Pro Carbon Ac I/O Shield, 3D Printed, Black/White color, IO Plat",,,7,FIXED_PRICE,USD,5,,,5,1,0,,Feb-07-25 09:06:53 PST,Dec-07-25 09:06:53 PST,Other Motherboard Accessories,170082,,,New,,,,,,US,,,
2.86308E+11,"EVGA X99 Classifiled I/O Shield, 3D Printed, Black/White color, IO Backplate",,,6,FIXED_PRICE,USD,5,,,5,0,,,Feb-07-25 09:10:42 PST,Dec-07-25 09:10:42 PST,Other Motherboard Accessories,170082,,,New,,,,,,US,,,
2.86308E+11,"EVGA Z97 FTW I/O Shield, 3D Printed, Black/White color, IO Backplate",,,6,FIXED_PRICE,USD,5,,,5,0,,,Feb-07-25 09:11:11 PST,Dec-07-25 09:11:11 PST,Other Motherboard Accessories,170082,,,New,,,,,,US,,,
2.86308E+11,"EVGA Z370 Micro I/O Shield, 3D Printed, Black/White color, IO Backplate",,,6,FIXED_PRICE,USD,5,,,5,0,,,Feb-07-25 09:11:30 PST,Dec-07-25 09:11:30 PST,Other Motherboard Accessories,170082,,,New,,,,,,US,,,
2.86308E+11,"EVGA Z390 Dark I/O Shield, 3D Printed, Black/White color, IO Backplate",,,6,FIXED_PRICE,USD,5,,,5,0,0,,Feb-07-25 09:11:48 PST,Dec-07-25 09:11:48 PST,Other Motherboard Accessories,170082,,,New,,,,,,US,,,
2.86308E+11,"Asrock B450 Gaming K4 I/O Shield, 3D Printed, Black/White color, IO Backplate",,,6,FIXED_PRICE,USD,5,,,5,0,,,Feb-07-25 10:02:45 PST,Dec-07-25 10:02:45 PST,Other Motherboard Accessories,170082,,,New,,,,,,US,,,
2.86308E+11,"Asrock B365M Phantom Gaming 4 I/O Shield, 3D Printed, Black/White, Backplate",,,6,FIXED_PRICE,USD,5,,,5,0,,,Feb-07-25 10:03:49 PST,Dec-07-25 10:03:49 PST,Other Motherboard Accessories,170082,,,New,,,,,,US,,,
2.86308E+11,"Asrock B450M Pro4-F I/O Shield, 3D Printed, Black/White color, IO Backplate",,,7,FIXED_PRICE,USD,5,,,5,5,3,,Feb-07-25 10:08:15 PST,Dec-07-25 10:08:15 PST,Other Motherboard Accessories,170082,,,New,,,,,,US,,,
2.86308E+11,"Asrock B550 PG Riptide I/O Shield, 3D Printed, Black/White color, IO Backplate",,,6,FIXED_PRICE,USD,5,,,5,0,0,,Feb-07-25 10:08:34 PST,Dec-07-25 10:08:34 PST,Other Motherboard Accessories,170082,,,New,,,,,,US,,,
2.86308E+11,"Asrock B660M Steel Legend I/O Shield, 3D Printed, IO Backplate",,,6,FIXED_PRICE,USD,5,,,5,0,1,,Feb-07-25 10:09:22 PST,Dec-07-25 10:09:22 PST,Other Motherboard Accessories,170082,,,New,,,,,,US,,,
2.86308E+11,"Asrock H110M-DVS I/O Shield, 3D Printed, Black/White color, IO Backplate",,,6,FIXED_PRICE,USD,5,,,5,0,,,Feb-07-25 10:09:41 PST,Dec-07-25 10:09:41 PST,Other Motherboard Accessories,170082,,,New,,,,,,US,,,
2.86308E+11,"Asrock IMB-1313 I/O Shield, 3D Printed, Black/White color, IO Backplate",,,6,FIXED_PRICE,USD,5,,,5,0,,,Feb-07-25 10:10:01 PST,Dec-07-25 10:10:01 PST,Other Motherboard Accessories,170082,,,New,,,,,,US,,,
2.86308E+11,"Asrock X370 Killer SLI I/O Shield, 3D Printed, Black/White color, IO Backplate",,,6,FIXED_PRICE,USD,5,,,5,2,1,,Feb-07-25 10:10:26 PST,Dec-07-25 10:10:26 PST,Other Motherboard Accessories,170082,,,New,,,,,,US,,,
2.86308E+11,"Asrock X370 TaiChi I/O Shield, 3D Printed, Black/White color, IO Backplate",,,6,FIXED_PRICE,USD,5,,,5,0,0,,Feb-07-25 10:11:00 PST,Dec-07-25 10:11:00 PST,Other Motherboard Accessories,170082,,,New,,,,,,US,,,
2.86308E+11,"Asrock Z690 Pro RS I/O Shield, 3D Printed, Black/White color, IO Backplate",,,7,FIXED_PRICE,USD,5,,,5,5,0,,Feb-07-25 10:11:37 PST,Dec-07-25 10:11:37 PST,Other Motherboard Accessories,170082,,,New,,,,,,US,,,
2.86308E+11,"Intel D815EEA I/O Shield, 3D Printed, IO Backplate",,,7,FIXED_PRICE,USD,5,,,5,3,3,,Feb-07-25 10:30:42 PST,Dec-07-25 10:30:42 PST,Other Motherboard Accessories,170082,,,New,,,,,,US,,,
2.86308E+11,"EVGA Z270 Classified K I/O Shield, 3D Printed, IO Backplate",,,6,FIXED_PRICE,USD,5,,,5,1,1,,Feb-07-25 11:57:10 PST,Dec-07-25 11:57:10 PST,Other Motherboard Accessories,170082,,,New,,,,,,US,,,
2.86312E+11,"Gigabyte AB350M Gaming 3 I/O Shield, 3D Printed, IO Backplate",,,5,FIXED_PRICE,USD,5,,,5,1,0,,Feb-08-25 15:50:52 PST,Dec-08-25 15:50:52 PST,Other Motherboard Accessories,170082,,,New,,,,,,US,,,
2.86312E+11,"Gigabyte Z370 Aorus Gaming 5 I/O Shield, 3D Printed, IO Backplate",,,6,FIXED_PRICE,USD,5,,,5,0,2,,Feb-08-25 15:51:23 PST,Dec-08-25 15:51:23 PST,Other Motherboard Accessories,170082,,,New,,,,,,US,,,
2.86312E+11,"Gigabyte B150M-D2V I/O Shield, 3D Printed, IO Backplate",,,6,FIXED_PRICE,USD,5,,,5,0,1,,Feb-08-25 15:53:51 PST,Dec-08-25 15:53:51 PST,Other Motherboard Accessories,170082,,,New,,,,,,US,,,
2.86312E+11,"Gigabyte Z370N Wifi I/O Shield, 3D Printed, IO Backplate",,,5,FIXED_PRICE,USD,5,,,5,4,1,,Feb-08-25 15:54:21 PST,Dec-08-25 15:54:21 PST,Other Motherboard Accessories,170082,,,New,,,,,,US,,,
2.86312E+11,"Gigabyte B450 Aorus M I/O Shield, 3D Printed, IO Backplate",,,7,FIXED_PRICE,USD,5,,,5,6,0,,Feb-08-25 15:54:55 PST,Dec-08-25 15:54:55 PST,Other Motherboard Accessories,170082,,,New,,,,,,US,,,
2.86312E+11,"Gigabyte GA-AB350m-D3H I/O Shield, 3D Printed, IO Backplate",,,5,FIXED_PRICE,USD,5,,,5,5,3,,Feb-08-25 15:55:22 PST,Dec-08-25 15:55:22 PST,Other Motherboard Accessories,170082,,,New,,,,,,US,,,
2.86312E+11,"Gigabyte B650M S2H I/O Shield, 3D Printed, IO Backplate",,,6,FIXED_PRICE,USD,5,,,5,0,2,,Feb-08-25 15:55:43 PST,Dec-08-25 15:55:43 PST,Other Motherboard Accessories,170082,,,New,,,,,,US,,,
2.86314E+11,"EVGA Z270 FTW K, I/O Shield, 3D Printed, Black/White color, IO Backplate",,,6,FIXED_PRICE,USD,5,,,5,0,,,Feb-09-25 10:08:57 PST,Dec-09-25 10:08:57 PST,Other Motherboard Accessories,170082,,,New,,,,,,US,,,
2.86314E+11,"Gigabyte Z690I AORUS ULTRA I/O Shield, 3D Printed, IO Backplate",,,6,FIXED_PRICE,USD,5,,,5,0,,,Feb-09-25 11:09:18 PST,Dec-09-25 11:09:18 PST,Other Motherboard Accessories,170082,,,New,,,,,,US,,,
2.86314E+11,"Gigabyte B460M Gaming I/O Shield, 3D Printed, IO Backplate",,,6,FIXED_PRICE,USD,5,,,5,0,,,Feb-09-25 11:10:11 PST,Dec-09-25 11:10:11 PST,Other Motherboard Accessories,170082,,,New,,,,,,US,,,
2.86314E+11,"Gigabyte Ga-H97N-Wifi I/O Shield, 3D Printed, IO Backplate",,,6,FIXED_PRICE,USD,5,,,5,1,1,,Feb-09-25 11:10:34 PST,Dec-09-25 11:10:34 PST,Other Motherboard Accessories,170082,,,New,,,,,,US,,,
2.86314E+11,"Gigabyte B760i Aorus Pro DDR4 I/O Shield, 3D Printed, IO Backplate",,,6,FIXED_PRICE,USD,5,,,5,0,,,Feb-09-25 11:12:21 PST,Dec-09-25 11:12:21 PST,Other Motherboard Accessories,170082,,,New,,,,,,US,,,
2.86314E+11,"Gigabyte B365M DS3H I/O Shield, 3D Printed, IO Backplate",,,6,FIXED_PRICE,USD,5,,,5,4,2,,Feb-09-25 11:12:40 PST,Dec-09-25 11:12:40 PST,Other Motherboard Accessories,170082,,,New,,,,,,US,,,
2.86314E+11,"Gigabyte GA-B75M-D3V I/O Shield, 3D Printed, IO Backplate",,,6,FIXED_PRICE,USD,5,,,5,2,0,,Feb-09-25 11:13:00 PST,Dec-09-25 11:13:00 PST,Other Motherboard Accessories,170082,,,New,,,,,,US,,,
2.86314E+11,"Gigabyte B360M D3H I/O Shield, 3D Printed, IO Backplate",,,6,FIXED_PRICE,USD,5,,,5,0,,,Feb-09-25 11:13:25 PST,Dec-09-25 11:13:25 PST,Other Motherboard Accessories,170082,,,New,,,,,,US,,,
2.86314E+11,"Gigabyte Z170-D3H I/O Shield, 3D Printed, IO Backplate",,,6,FIXED_PRICE,USD,5,,,5,0,,,Feb-09-25 11:15:36 PST,Dec-09-25 11:15:36 PST,Other Motherboard Accessories,170082,,,New,,,,,,US,,,
2.86314E+11,"Gigabyte B450i AORUS PRO WIFI I/O Shield, 3D Printed, IO Backplate",,,6,FIXED_PRICE,USD,5,,,5,2,0,,Feb-09-25 11:15:55 PST,Dec-09-25 11:15:55 PST,Other Motherboard Accessories,170082,,,New,,,,,,US,,,
2.86314E+11,"Gigabyte X58A UD7 I/O Shield, 3D Printed, IO Backplate",,,6,FIXED_PRICE,USD,5,,,5,0,0,,Feb-09-25 11:16:15 PST,Dec-09-25 11:16:15 PST,Other Motherboard Accessories,170082,,,New,,,,,,US,,,
2.86314E+11,"Gigabyte A620I AX I/O Shield, 3D Printed, IO Backplate",,,6,FIXED_PRICE,USD,5,,,5,3,3,,Feb-09-25 11:16:32 PST,Dec-09-25 11:16:32 PST,Other Motherboard Accessories,170082,,,New,,,,,,US,,,
2.86314E+11,"Gigabyte Z370 Aorus Gaming 5 I/O Shield, 3D Printed, IO Backplate",,,4,FIXED_PRICE,USD,5,,,5,4,1,,Feb-09-25 11:16:51 PST,Dec-09-25 11:16:51 PST,Other Motherboard Accessories,170082,,,New,,,,,,US,,,
2.86314E+11,"Gigabyte W480M I/O Shield, 3D Printed, IO Backplate",,,7,FIXED_PRICE,USD,5,,,5,1,0,,Feb-09-25 11:17:08 PST,Dec-09-25 11:17:08 PST,Other Motherboard Accessories,170082,,,New,,,,,,US,,,
2.86314E+11,"Gigabyte GA-X99 OC FORCE I/O Shield, 3D Printed, IO Backplate",,,6,FIXED_PRICE,USD,5,,,5,0,,,Feb-09-25 11:17:25 PST,Dec-09-25 11:17:25 PST,Other Motherboard Accessories,170082,,,New,,,,,,US,,,
2.86314E+11,"Gigabyte Z370 HD3 I/O Shield, 3D Printed, IO Backplate",,,6,FIXED_PRICE,USD,5,,,5,1,0,,Feb-09-25 11:18:39 PST,Dec-09-25 11:18:39 PST,Other Motherboard Accessories,170082,,,New,,,,,,US,,,
2.86314E+11,"Gigabyte H310M-H 2.0 I/O Shield, 3D Printed, IO Backplate",,,6,FIXED_PRICE,USD,5,,,5,0,,,Feb-09-25 11:18:59 PST,Dec-09-25 11:18:59 PST,Other Motherboard Accessories,170082,,,New,,,,,,US,,,
2.86314E+11,"Gigabyte X170-WS ECC I/O Shield, 3D Printed, IO Backplate",,,6,FIXED_PRICE,USD,5,,,5,0,,,Feb-09-25 11:19:12 PST,Dec-09-25 11:19:12 PST,Other Motherboard Accessories,170082,,,New,,,,,,US,,,
2.86314E+11,"Gigabyte Z370 AORUS Ultra Gaming 2.0 I/O Shield, 3D Printed, IO Backplate",,,6,FIXED_PRICE,USD,5,,,5,0,0,,Feb-09-25 11:19:26 PST,Dec-09-25 11:19:26 PST,Other Motherboard Accessories,170082,,,New,,,,,,US,,,
2.86314E+11,"Gigabyte Z370 DS3H I/O Shield, 3D Printed, IO Backplate",,,6,FIXED_PRICE,USD,5,,,5,0,,,Feb-09-25 11:19:40 PST,Dec-09-25 11:19:40 PST,Other Motherboard Accessories,170082,,,New,,,,,,US,,,
2.86314E+11,"Gigabyte B550M K I/O Shield, 3D Printed, IO Backplate",,,5,FIXED_PRICE,USD,5,,,5,27,8,,Feb-09-25 11:19:54 PST,Dec-09-25 11:19:54 PST,Other Motherboard Accessories,170082,,,New,,,,,,US,,,
2.86315E+11,"HP 270 I/O Shield, 3D Printed, IO Backplate",,,6,FIXED_PRICE,USD,5,,,5,0,,,Feb-09-25 16:12:32 PST,Dec-09-25 16:12:32 PST,Other Motherboard Accessories,170082,,,New,,,,,,US,,,
2.86315E+11,"HP Omen B550 I/O Shield, 3D Printed, IO Backplate",,,5,FIXED_PRICE,USD,5,,,5,18,8,,Feb-09-25 16:13:00 PST,Dec-09-25 16:13:00 PST,Other Motherboard Accessories,170082,,,New,,,,,,US,,,
2.86315E+11,"HP IPMB7-MP I/O Shield, 3D Printed, IO Backplate",,,6,FIXED_PRICE,USD,5,,,5,0,,,Feb-09-25 16:13:27 PST,Dec-09-25 16:13:27 PST,Other Motherboard Accessories,170082,,,New,,,,,,US,,,
2.86315E+11,"Dell 3050MT Optiplex I/O Shield, 3D Printed, IO Backplate",,,6,FIXED_PRICE,USD,5,,,5,0,4,,Feb-09-25 16:14:02 PST,Dec-09-25 16:14:02 PST,Other Motherboard Accessories,170082,,,New,,,,,,US,,,
2.86315E+11,"HP Z240 SFF I/O Shield, 3D Printed, IO Backplate",,,6,FIXED_PRICE,USD,5,,,5,7,1,,Feb-09-25 16:14:26 PST,Dec-09-25 16:14:26 PST,Other Motherboard Accessories,170082,,,New,,,,,,US,,,
2.86318E+11,"MSI Z390 Edge Wifi, Z390 Edge AC, I/O Shield, 3D Printed, IO Backplate",,,6,FIXED_PRICE,USD,5,,,5,2,1,,Feb-10-25 23:06:43 PST,Dec-10-25 23:06:43 PST,Other Motherboard Accessories,170082,,,New,,,,,,US,,,
2.86337E+11,"[AM4 AM5] Bracket for NZXT Kraken Water Cooler, Heat Resistant 3D Printed PETG",,,4,FIXED_PRICE,USD,7.99,,,7.99,1,6,,Feb-16-25 23:05:31 PST,Dec-16-25 23:05:31 PST,Water Cooling,131503,,,New,,,,,,US,,,
2.86339E+11,"[LGA 1700 1851] Bracket for NZXT M22 + Kraken 120, Strong PETG, 3D Print",,,3,FIXED_PRICE,USD,7.99,,,7.99,2,1,,Feb-17-25 17:01:50 PST,Dec-17-25 17:01:50 PST,Water Cooling,131503,,,New,,,,,,US,,,
2.86339E+11,"MSI Z370 Mortar, I/O Shield, 3D Printed, IO Backplate",,,6,FIXED_PRICE,USD,5,,,5,0,,,Feb-17-25 17:36:35 PST,Dec-17-25 17:36:35 PST,Other Motherboard Accessories,170082,,,New,,,,,,US,,,
2.86339E+11,"MSI Z370 Gaming M5, I/O Shield, 3D Printed, IO Backplate",,,6,FIXED_PRICE,USD,5,,,5,0,1,,Feb-17-25 17:36:57 PST,Dec-17-25 17:36:57 PST,Other Motherboard Accessories,170082,,,New,,,,,,US,,,
2.86339E+11,"MSI Z97 Guard Pro, I/O Shield, 3D Printed, IO Backplate",,,7,FIXED_PRICE,USD,5,,,5,1,0,,Feb-17-25 17:37:15 PST,Dec-17-25 17:37:15 PST,Other Motherboard Accessories,170082,,,New,,,,,,US,,,
2.86339E+11,"MSI Z87 S01, I/O Shield, 3D Printed, IO Backplate",,,6,FIXED_PRICE,USD,5,,,5,0,,,Feb-17-25 17:37:33 PST,Dec-17-25 17:37:33 PST,Other Motherboard Accessories,170082,,,New,,,,,,US,,,
2.86339E+11,"MSI Z87 MPOWER MAX, I/O Shield, 3D Printed, IO Backplate",,,6,FIXED_PRICE,USD,5,,,5,0,,,Feb-17-25 17:37:52 PST,Dec-17-25 17:37:52 PST,Other Motherboard Accessories,170082,,,New,,,,,,US,,,
2.86339E+11,"MSI X470 Gaming Plus, I/O Shield, 3D Printed, IO Backplate",,,5,FIXED_PRICE,USD,5,,,5,1,2,,Feb-17-25 17:38:32 PST,Dec-17-25 17:38:32 PST,Other Motherboard Accessories,170082,,,New,,,,,,US,,,
2.86339E+11,"MSI X99A Sli, I/O Shield, 3D Printed, IO Backplate",,,6,FIXED_PRICE,USD,5,,,5,0,,,Feb-17-25 17:38:53 PST,Dec-17-25 17:38:53 PST,Other Motherboard Accessories,170082,,,New,,,,,,US,,,
2.86339E+11,"MSI 970, I/O Shield, 3D Printed, IO Backplate",,,5,FIXED_PRICE,USD,5,,,5,1,0,,Feb-17-25 17:39:14 PST,Dec-17-25 17:39:14 PST,Other Motherboard Accessories,170082,,,New,,,,,,US,,,
2.86339E+11,"MSI 970A G46, I/O Shield, 3D Printed, IO Backplate",,,7,FIXED_PRICE,USD,5,,,5,1,1,,Feb-17-25 17:40:05 PST,Dec-17-25 17:40:05 PST,Other Motherboard Accessories,170082,,,New,,,,,,US,,,
2.86339E+11,"MSI A320m Bazooka, I/O Shield, 3D Printed, IO Backplate",,,6,FIXED_PRICE,USD,5,,,5,2,0,,Feb-17-25 17:40:22 PST,Dec-17-25 17:40:22 PST,Other Motherboard Accessories,170082,,,New,,,,,,US,,,
2.86339E+11,"MSI A320M PRO-VH PLUS, I/O Shield, 3D Printed, IO Backplate",,,6,FIXED_PRICE,USD,5,,,5,3,2,,Feb-17-25 17:41:11 PST,Dec-17-25 17:41:11 PST,Other Motherboard Accessories,170082,,,New,,,,,,US,,,
2.86339E+11,"MSI B350m Gaming Pro, I/O Shield, 3D Printed, IO Backplate",,,7,FIXED_PRICE,USD,5,,,5,3,0,,Feb-17-25 17:41:28 PST,Dec-17-25 17:41:28 PST,Other Motherboard Accessories,170082,,,New,,,,,,US,,,
2.86339E+11,"MSI B350M Mortar, I/O Shield, 3D Printed, IO Backplate",,,7,FIXED_PRICE,USD,5,,,5,1,0,,Feb-17-25 17:41:46 PST,Dec-17-25 17:41:46 PST,Other Motherboard Accessories,170082,,,New,,,,,,US,,,
2.86339E+11,"MSI B450i Gaming Plus, I/O Shield, 3D Printed, IO Backplate",,,4,FIXED_PRICE,USD,5,,,5,4,0,,Feb-17-25 17:42:14 PST,Dec-17-25 17:42:14 PST,Other Motherboard Accessories,170082,,,New,,,,,,US,,,
2.86339E+11,"MSI B450m Bazooka, I/O Shield, 3D Printed, IO Backplate",,,7,FIXED_PRICE,USD,5,,,5,1,1,,Feb-17-25 17:42:41 PST,Dec-17-25 17:42:41 PST,Other Motherboard Accessories,170082,,,New,,,,,,US,,,
2.86339E+11,"MSI B460m Pro, I/O Shield, 3D Printed, IO Backplate",,,6,FIXED_PRICE,USD,5,,,5,0,,,Feb-17-25 17:43:01 PST,Dec-17-25 17:43:01 PST,Other Motherboard Accessories,170082,,,New,,,,,,US,,,
2.86339E+11,"MSI H110i Pro, I/O Shield, 3D Printed, IO Backplate",,,6,FIXED_PRICE,USD,5,,,5,0,,,Feb-17-25 17:43:26 PST,Dec-17-25 17:43:26 PST,Other Motherboard Accessories,170082,,,New,,,,,,US,,,
2.86339E+11,"MSI MAG B460M BAZOOKA, I/O Shield, 3D Printed, IO Backplate",,,6,FIXED_PRICE,USD,5,,,5,0,,,Feb-17-25 17:44:49 PST,Dec-17-25 17:44:49 PST,Other Motherboard Accessories,170082,,,New,,,,,,US,,,
2.86339E+11,"MSI Pro Z690-A, I/O Shield, 3D Printed, IO Backplate",,,6,FIXED_PRICE,USD,5,,,5,10,1,,Feb-17-25 17:46:38 PST,Dec-17-25 17:46:38 PST,Other Motherboard Accessories,170082,,,New,,,,,,US,,,
2.86346E+11,"EVGA SR2 Classifiled I/O Shield, 3D Printed, Black/White color, IO Backplate",,,6,FIXED_PRICE,USD,9.99,,,9.99,0,1,,Feb-19-25 22:04:52 PST,Dec-19-25 22:04:52 PST,Other Motherboard Accessories,170082,,,New,,,,,,US,,,
2.86346E+11,"MSI Pro B650M-A Wifi, I/O Shield, 3D Printed, IO Backplate",,,7,FIXED_PRICE,USD,5,,,5,9,1,,Feb-19-25 22:31:08 PST,Dec-19-25 22:31:08 PST,Other Motherboard Accessories,170082,,,New,,,,,,US,,,
2.86346E+11,"Zotac A75MAT-A-E, I/O Shield, 3D Printed, IO Backplate",,,6,FIXED_PRICE,USD,5,,,5,1,0,,Feb-19-25 22:50:37 PST,Dec-19-25 22:50:37 PST,Other Motherboard Accessories,170082,,,New,,,,,,US,,,
2.86351E+11,[LGA 1700 1851] AIO Bracket for HP Cooler Master Thermaltake Asus Corsair,,,8,FIXED_PRICE,USD,8.99,,,8.99,2,0,,Feb-21-25 14:20:27 PST,Dec-21-25 14:20:27 PST,Water Cooling,131503,,,New,,,,,,US,,,
2.86351E+11,"HP Omen Z790 Arctic OC I/O Shield, IO Backplate, HP N27486-601 Arctic OC",,,6,FIXED_PRICE,USD,5,,,5,4,1,,Feb-21-25 14:34:21 PST,Dec-21-25 14:34:21 PST,Other Motherboard Accessories,170082,,,New,,,,,,US,,,
2.86351E+11,"MSI FM2-A55M-E33, I/O Shield, 3D Printed, IO Backplate",,,7,FIXED_PRICE,USD,5,,,5,2,0,,Feb-21-25 15:17:16 PST,Dec-21-25 15:17:16 PST,Other Motherboard Accessories,170082,,,New,,,,,,US,,,
2.86354E+11,"MSI 790FX-GD70, I/O Shield, 3D Printed, IO Backplate",,,6,FIXED_PRICE,USD,5,,,5,0,,,Feb-22-25 22:16:58 PST,Dec-22-25 22:16:58 PST,Other Motherboard Accessories,170082,,,New,,,,,,US,,,
2.86359E+11,"Asrock B550m ITX AC I/O Shield, 3D Printed, Black/White color, IO Backplate",,,6,FIXED_PRICE,USD,5,,,5,4,1,,Feb-24-25 09:08:34 PST,Dec-24-25 09:08:34 PST,Other Motherboard Accessories,170082,,,New,,,,,,US,,,
2.8636E+11,"MSI B250 Pro VD, I/O Shield, 3D Printed, IO Backplate",,,5,FIXED_PRICE,USD,5,,,5,1,1,,Feb-24-25 21:26:10 PST,Nov-24-25 21:26:10 PST,Other Motherboard Accessories,170082,,,New,,,,,,US,,,
2.8636E+11,"[AM4 AM5] MSI MAG Coreliquid Bracket, C240 C360, Strong PETG, Random Color",,,2,FIXED_PRICE,USD,8.99,,,8.99,3,4,,Feb-24-25 21:40:19 PST,Nov-24-25 21:40:19 PST,Water Cooling,131503,,,New,,,,,,US,,,
2.86369E+11,"MSI A68HM-E33 V2, I/O Shield, 3D Printed, IO Backplate",,,6,FIXED_PRICE,USD,5,,,5,1,0,,Feb-27-25 19:59:05 PST,Nov-27-25 19:59:05 PST,Other Motherboard Accessories,170082,,,New,,,,,,US,,,
2.86373E+11,"Asus B450M-A B450M-K, I/O Shield, 3D Printed, IO Backplate [Got From Printable]",,,6,FIXED_PRICE,USD,5,,,5,7,0,,Mar-01-25 12:20:12 PST,Dec-01-25 12:20:12 PST,Other Motherboard Accessories,170082,,,New,,,,,,US,,,
2.86377E+11,"Asrock B365 Phantom Gaming 4 I/O Shield, 3D Printed, Black/White color",,,7,FIXED_PRICE,USD,5,,,5,1,0,,Mar-02-25 15:14:25 PST,Dec-02-25 15:14:25 PST,Other Motherboard Accessories,170082,,,New,,,,,,US,,,
2.864E+11,"BCM MX61H Mini ITX I/O Shield, 3D Printed, Black/White color, IO Backplate",,,7,FIXED_PRICE,USD,5,,,5,1,0,,Mar-10-25 17:10:25 PDT,Dec-10-25 17:10:25 PST,Other Motherboard Accessories,170082,,,New,,,,,,US,,,
2.86405E+11,"HDD Mount on 120mm 140mm Fan Case Hole, Hard Drive, 3.5 Inches.",Color=Black;White,,23,FIXED_PRICE,USD,8.99,,,8.99,7,5,,Mar-12-25 18:25:49 PDT,Dec-12-25 18:25:49 PST,Drive Enclosures & Docks,158817,,,New,,,,,,US,,,
2.86405E+11,"HDD Mount on 120mm 140mm Fan Case Hole, Hard Drive, 3.5 Inches.",Color=Black,,8,FIXED_PRICE,USD,8.99,,,,7,,,Mar-12-25 18:25:49 PDT,Dec-12-25 18:25:49 PST,Drive Enclosures & Docks,158817,,,New,,,,,,US,,,
2.86405E+11,"HDD Mount on 120mm 140mm Fan Case Hole, Hard Drive, 3.5 Inches.",Color=White,,15,FIXED_PRICE,USD,8.99,,,,0,,,Mar-12-25 18:25:49 PDT,Dec-12-25 18:25:49 PST,Drive Enclosures & Docks,158817,,,New,,,,,,US,,,
2.8641E+11,"MSI Pro A620M-E, I/O Shield, 3D Printed, IO Backplate",,,7,FIXED_PRICE,USD,5,,,5,4,1,,Mar-14-25 14:53:25 PDT,Dec-14-25 14:53:25 PST,Other Motherboard Accessories,170082,,,New,,,,,,US,,,
2.86429E+11,"MSI X58M, I/O Shield, 3D Printed, IO Backplate",,,7,FIXED_PRICE,USD,5,,,5,0,,,Mar-21-25 22:47:05 PDT,Dec-21-25 22:47:05 PST,Other Motherboard Accessories,170082,,,New,,,,,,US,,,
2.86429E+11,"Gigabyte GA X370 Gaming K3 I/O Shield, 3D Printed, IO Backplate",,,7,FIXED_PRICE,USD,5,,,5,1,1,,Mar-21-25 22:48:43 PDT,Dec-21-25 22:48:43 PST,Other Motherboard Accessories,170082,,,New,,,,,,US,,,
2.86429E+11,"Gigabyte GA Z77X UP7 I/O Shield, 3D Printed, IO Backplate",,,7,FIXED_PRICE,USD,5,,,5,1,0,,Mar-21-25 22:49:04 PDT,Dec-21-25 22:49:04 PST,Other Motherboard Accessories,170082,,,New,,,,,,US,,,
2.86436E+11,"MSI MS-6577 version 2.1, I/O Shield, 3D Printed, IO Backplate",,,6,FIXED_PRICE,USD,5,,,5,2,1,,Mar-24-25 22:39:42 PDT,Nov-24-25 22:39:42 PST,Other Motherboard Accessories,170082,,,New,,,,,,US,,,
2.8646E+11,"ASUS Prime A620-Plus Wifi 6 IO Backplate Shield, 3D Printed, Black/White Color",,,5,FIXED_PRICE,USD,5,,,5,11,1,,Apr-03-25 21:27:55 PDT,Dec-03-25 21:27:55 PST,Other Motherboard Accessories,170082,,,New,,,,,,US,,,
2.86477E+11,"ASUS H87I-PLUS I/O Shield, 3D Printed, Black/White Color, IO Backplate",,,6,FIXED_PRICE,USD,5,,,5,1,0,,Apr-10-25 08:39:12 PDT,Dec-10-25 08:39:12 PST,Other Motherboard Accessories,170082,,,New,,,,,,US,,,
2.86483E+11,"Gigabyte B550M DS3H (Non AC, Rev 1.5) I/O Shield, 3D Printed, IO Backplate",,,7,FIXED_PRICE,USD,5,,,5,3,0,,Apr-12-25 22:59:17 PDT,Dec-12-25 22:59:17 PST,Other Motherboard Accessories,170082,,,New,,,,,,US,,,
2.86499E+11,"Gigabyte GA-AX370M-DS3H I/O Shield, 3D Printed, IO Backplate,  X370",,,6,FIXED_PRICE,USD,5,,,5,2,1,,Apr-17-25 22:19:53 PDT,Dec-17-25 22:19:53 PST,Other Motherboard Accessories,170082,,,New,,,,,,US,,,
2.865E+11,"[BULK Pricing] 2230 to 2280/2242/2260 SSD Bracket, Heat Resistant 3D Printed",,,150,FIXED_PRICE,USD,1.09,,,1.09,290,1,,Apr-17-25 22:36:31 PDT,Dec-17-25 22:36:31 PST,Case Parts & Accessories,51064,,,New,,,,,,US,,,
2.86514E+11,"Asrock B760M-HDV M.2 D5 I/O Shield, 3D Printed, Black/White color, IO Backplate",,,5,FIXED_PRICE,USD,5,,,5,5,2,,Apr-23-25 10:18:47 PDT,Dec-23-25 10:18:47 PST,Other Motherboard Accessories,170082,,,New,,,,,,US,,,
2.86514E+11,"Colorful X570M Gaming Frozen I/O Shield, 3D Printed, Black/White, IO Backplate",,,6,FIXED_PRICE,USD,5,,,5,2,0,,Apr-23-25 10:28:34 PDT,Dec-23-25 10:28:34 PST,Other Motherboard Accessories,170082,,,New,,,,,,US,,,
2.8654E+11,"Asus X570-P, I/O Shield, 3D Printed, IO Backplate",,,6,FIXED_PRICE,USD,5,,,5,2,0,,May-02-25 22:00:34 PDT,Dec-02-25 22:00:34 PST,Other Motherboard Accessories,170082,,,New,,,,,,US,,,
2.86546E+11,"HP Omen Obelisk 875 I/O Shield, 3D Printed, IO Backplate, HP 25L Fuzzy Slippers",,,7,FIXED_PRICE,USD,5,,,5,3,3,,May-05-25 13:12:49 PDT,Dec-05-25 13:12:49 PST,Other Motherboard Accessories,170082,,,New,,,,,,US,,,
2.86547E+11,"Galax A520H, I/O Shield, 3D Printed, IO Backplate",,,10,FIXED_PRICE,USD,5,,,5,5,0,,May-05-25 21:09:16 PDT,Dec-05-25 21:09:16 PST,Other Motherboard Accessories,170082,,,New,,,,,,US,,,
2.86547E+11,"Kllisre B760M, I/O Shield, 3D Printed, IO Backplate",,,10,FIXED_PRICE,USD,5,,,5,5,0,,May-05-25 21:10:15 PDT,Dec-05-25 21:10:15 PST,Other Motherboard Accessories,170082,,,New,,,,,,US,,,
2.86555E+11,"Asus B660M-A AC IO Shield, I/O Shield, 3D Printed, IO Backplate [Black or White]",,,7,FIXED_PRICE,USD,5,,,5,1,2,,May-08-25 23:28:39 PDT,Dec-08-25 23:28:39 PST,Other Motherboard Accessories,170082,,,New,,,,,,US,,,
2.86559E+11,"Machinist B450 IO Shield, I/O Shield, 3D Printed, IO Backplate",,,6,FIXED_PRICE,USD,5,,,5,2,0,,May-10-25 10:17:13 PDT,Dec-10-25 10:17:13 PST,Other Motherboard Accessories,170082,,,New,,,,,,US,,,
2.86561E+11,"Dell Optiplex 790  IO Shield, I/O Shield, 3D Printed, IO Backplate",,,6,FIXED_PRICE,USD,5,,,5,0,,,May-11-25 13:51:35 PDT,Dec-11-25 13:51:35 PST,Other Motherboard Accessories,170082,,,New,,,,,,US,,,
2.86567E+11,"Hard Drive Tray for CM 690 Cooler Master, 3D Printed, HDD Sled, Black/White HAF",,,3,FIXED_PRICE,USD,7.99,,,7.99,31,19,,May-13-25 21:17:20 PDT,Dec-13-25 21:17:20 PST,Case Parts & Accessories,51064,,,New,,,,,,US,,,
2.86568E+11,"HDD Tray for NZXT H440, Heat Resistant Hard Drive Sled, Black/White",,,5,FIXED_PRICE,USD,7.99,,,7.99,15,6,,May-14-25 05:56:28 PDT,Dec-14-25 05:56:28 PST,Case Parts & Accessories,51064,,,New,,,,,,US,,,
2.8657E+11,"Biostar X370 GT5 I/O Shield, 3D Printed, IO Backplate",,,7,FIXED_PRICE,USD,5,,,5,0,,,May-14-25 23:52:11 PDT,Dec-14-25 23:52:11 PST,Other Motherboard Accessories,170082,,,New,,,,,,US,,,
2.86589E+11,"Custom Made IO Shield, 3D Printed, IO Backplate",,,19,FIXED_PRICE,USD,5.99,,,5.99,13,31,,May-22-25 10:35:23 PDT,Dec-22-25 10:35:23 PST,Motherboard Backplates,170080,,,New,,,,,,US,,,
2.86596E+11,"Daewoo CB61X-LX I/O Shield, 3D Printed, IO Backplate",,,7,FIXED_PRICE,USD,5,,,5,1,1,,May-25-25 01:18:53 PDT,Nov-25-25 01:18:53 PST,Other Motherboard Accessories,170082,,,New,,,,,,US,,,
2.86599E+11,"Asus B85M-E IO Shield, I/O Shield, 3D Printed, IO Backplate [Black or White]",,,7,FIXED_PRICE,USD,5,,,5,1,0,,May-26-25 10:35:00 PDT,Nov-26-25 10:35:00 PST,Other Motherboard Accessories,170082,,,New,,,,,,US,,,
2.86604E+11,"[AM4] Coolermaster AIO Bracket,  Strong PETG, Random Color [Tested with ML240P]",,,3,FIXED_PRICE,USD,7.99,,,7.99,2,1,,May-28-25 11:36:59 PDT,Nov-28-25 11:36:59 PST,Water Cooling,131503,,,New,,,,,,US,,,
2.86608E+11,"[LGA 1700 1851] Coolermaster AIO Bracket,  Strong PETG [Tested with ML240P]",,,4,FIXED_PRICE,USD,7.99,,,7.99,1,1,,May-29-25 17:06:49 PDT,Nov-29-25 17:06:49 PST,Water Cooling,131503,,,New,,,,,,US,,,
2.86608E+11,"SuperMicro X9DAI I/O Shield, 3D Printed, IO Backplate",,,7,FIXED_PRICE,USD,5,,,5,0,,,May-29-25 17:20:27 PDT,Nov-29-25 17:20:27 PST,Other Motherboard Accessories,170082,,,New,,,,,,US,,,
2.86608E+11,"T-Wolf H310 I/O Shield, 3D Printed, IO Backplate",,,7,FIXED_PRICE,USD,5,,,5,0,,,May-29-25 17:24:12 PDT,Nov-29-25 17:24:12 PST,Other Motherboard Accessories,170082,,,New,,,,,,US,,,
2.86608E+11,"Winnfox H110 I/O Shield, 3D Printed, IO Backplate",,,7,FIXED_PRICE,USD,5,,,5,0,,,May-29-25 17:43:49 PDT,Nov-29-25 17:43:49 PST,Other Motherboard Accessories,170082,,,New,,,,,,US,,,
2.86608E+11,"Machinist X99 K9 IO Shield, I/O Shield, 3D Printed, IO Backplate",,,6,FIXED_PRICE,USD,5,,,5,1,0,,May-29-25 17:46:11 PDT,Nov-29-25 17:46:11 PST,Other Motherboard Accessories,170082,,,New,,,,,,US,,,
2.86618E+11,"Asus P5B DELUXE WIFI, I/O Shield, 3D Printed, IO Backplate",,,6,FIXED_PRICE,USD,5,,,5,1,0,,Jun-02-25 16:10:53 PDT,Dec-02-25 16:10:53 PST,Other Motherboard Accessories,170082,,,New,,,,,,US,,,
2.86618E+11,"Gigabyte GA-EP35-DS3L, I/O Shield, 3D Printed, IO Backplate",,,7,FIXED_PRICE,USD,5,,,5,3,1,,Jun-02-25 16:11:45 PDT,Dec-02-25 16:11:45 PST,Other Motherboard Accessories,170082,,,New,,,,,,US,,,
2.86623E+11,Ram Cooling Shroud 140mm  Fan (Screw into 140mm case fan),,,5,FIXED_PRICE,USD,10,,,10,0,,,Jun-04-25 13:03:32 PDT,Dec-04-25 13:03:32 PST,Memory & Chipset Cooling,131502,,,New,,,,,,US,,,
2.86623E+11,Ram Cooling Shroud 120mm  Fan (Screw into 120mm case fan) For DDR5 DDR4 Ram,,,5,FIXED_PRICE,USD,9,,,9,0,2,,Jun-04-25 14:08:11 PDT,Dec-04-25 14:08:11 PST,Memory & Chipset Cooling,131502,,,New,,,,,,US,,,
2.86635E+11,"Gigabyte B450m DS3H WiFi, I/O Shield, 3D Printed, IO Backplate",,,2,FIXED_PRICE,USD,5,,,5,12,3,,Jun-08-25 14:06:05 PDT,Dec-08-25 14:06:05 PST,Other Motherboard Accessories,170082,,,New,,,,,,US,,,
2.86635E+11,"ASUS TUF X570 Pro WiFi, I/O Shield, 3D Printed, IO Backplate",,,7,FIXED_PRICE,USD,5,,,5,0,,,Jun-08-25 14:16:08 PDT,Dec-08-25 14:16:08 PST,Other Motherboard Accessories,170082,,,New,,,,,,US,,,
2.86639E+11,Dell GA240PE1-00 240W AC Adapter Laptop Charger,,,1,FIXED_PRICE,USD,16.99,,,16.99,0,1,,Jun-10-25 04:12:49 PDT,Dec-10-25 04:12:49 PST,Laptop Power Adapters/Chargers,31510,,,Used,,,,,24025348534,US,,,
2.8664E+11,"Gigabyte GA-7NNXP, I/O Shield, 3D Printed, IO Backplate",,,6,FIXED_PRICE,USD,5,,,5,1,1,,Jun-10-25 06:09:12 PDT,Dec-10-25 06:09:12 PST,Other Motherboard Accessories,170082,,,New,,,,,,US,,,
2.86654E+11,Corsair HDD Add-on Tray  4000D 5000D 7000D 3D Printed Extra Hard Drive Tray,,,4,FIXED_PRICE,USD,12.99,,,12.99,8,1,,Jun-15-25 07:55:10 PDT,Dec-15-25 07:55:10 PST,Case Parts & Accessories,51064,,,New,,,,,,US,,,
2.86662E+11,"Gigabyte B460M DS3H AC Y1 I/O Shield, 3D Printed, IO Backplate",,,7,FIXED_PRICE,USD,5,,,5,2,0,,Jun-18-25 10:54:29 PDT,Dec-18-25 10:54:29 PST,Other Motherboard Accessories,170082,,,New,,,,,,US,,,
2.86662E+11,"MSI A520m-A Pro I/O Shield, 3D Printed, Black/White color, IO Backplate",,,5,FIXED_PRICE,USD,5,,,5,6,2,,Jun-18-25 17:20:26 PDT,Dec-18-25 17:20:26 PST,Other Motherboard Accessories,170082,,,New,,,,,,US,,,
2.86668E+11,"Acer EG31M IO Backplate Shield, 3D Printed, Black/White Color",,,7,FIXED_PRICE,USD,5,,,5,1,0,,Jun-21-25 21:22:46 PDT,Dec-21-25 21:22:46 PST,Other Motherboard Accessories,170082,,,New,,,,,,US,,,
2.86668E+11,"Acer MCP61SM-AM IO Backplate Shield, 3D Printed, Black/White Color",,,7,FIXED_PRICE,USD,5,,,5,1,0,,Jun-21-25 21:24:14 PDT,Dec-21-25 21:24:14 PST,Other Motherboard Accessories,170082,,,New,,,,,,US,,,
2.86675E+11,"[LGA 775] Bracket for NZXT Kraken Water Cooler, Heat Resistant PETG",,,8,FIXED_PRICE,USD,8.99,,,8.99,2,0,,Jun-25-25 18:51:15 PDT,Nov-25-25 18:51:15 PST,Water Cooling,131503,,,New,,,,,,US,,,
2.86675E+11,[LGA 775] AIO Bracket for HP Cooler Master Thermaltake Asus Corsair,,,5,FIXED_PRICE,USD,8.99,,,8.99,4,4,,Jun-25-25 19:16:12 PDT,Nov-25-25 19:16:12 PST,Water Cooling,131503,,,New,,,,,,US,,,
2.86675E+11,EK-UNI Holder Spider (120mm FAN) 3D Printed Parts,,,10,FIXED_PRICE,USD,5.49,,,5.49,0,,,Jun-25-25 21:42:37 PDT,Nov-25-25 21:42:37 PST,Water Cooling,131503,,,New,,,,,,US,3.83111E+12,,
2.86681E+11,"Asrock B550 Phantom Gaming 4 I/O Shield, 3D Printed, Black/White, Backplate",,,7,FIXED_PRICE,USD,5,,,5,1,0,,Jun-29-25 22:50:22 PDT,Nov-29-25 22:50:22 PST,Other Motherboard Accessories,170082,,,New,,,,,,US,,,
2.86681E+11,"Asrock A520m AC I/O Shield, 3D Printed, Black/White, Backplate",,,6,FIXED_PRICE,USD,5,,,5,0,,,Jun-29-25 22:51:13 PDT,Nov-29-25 22:51:13 PST,Other Motherboard Accessories,170082,,,New,,,,,,US,,,
2.86682E+11,"Datto Gigabyte MD70 I/O Shield, 3D Printed, IO Backplate",,,7,FIXED_PRICE,USD,5,,,5,1,0,,Jun-30-25 19:55:52 PDT,Nov-30-25 19:55:52 PST,Other Motherboard Accessories,170082,,,New,,,,,,US,,,
2.86685E+11,"Asrock Fatal1ty X99X Killer I/O Shield, Black/White color, IO Backplate 3D Print",,,6,FIXED_PRICE,USD,5,,,5,2,0,,Jul-02-25 09:39:12 PDT,Dec-02-25 09:39:12 PST,Other Motherboard Accessories,170082,,,New,,,,,,US,,,
2.86685E+11,"Asrock H610m HDV M2 I/O Shield, 3D Printed, Black/White color, IO Backplate",,,7,FIXED_PRICE,USD,5,,,5,0,1,,Jul-02-25 11:25:08 PDT,Dec-02-25 11:25:08 PST,Other Motherboard Accessories,170082,,,New,,,,,,US,,,
2.86685E+11,"Asrock B760M-HDV M.2 D4 I/O Shield, 3D Printed, Black/White color, IO Backplate",,,7,FIXED_PRICE,USD,5,,,5,0,,,Jul-02-25 12:00:06 PDT,Dec-02-25 12:00:06 PST,Other Motherboard Accessories,170082,,,New,,,,,,US,,,
2.86709E+11,[LGA 1151 1150 1155 1200] AIO Bracket for Cooler Master ML240 V2,,,7,FIXED_PRICE,USD,8.99,,,8.99,2,3,,Jul-15-25 09:49:56 PDT,Dec-15-25 09:49:56 PST,Water Cooling,131503,,,New,,,,,,US,,,
2.86711E+11,"Msi Pro 760-VC Wifi, I/O Shield, 3D Printed, IO Backplate Black/White",,,7,FIXED_PRICE,USD,5,,,5,4,3,,Jul-16-25 19:22:07 PDT,Dec-16-25 19:22:07 PST,Other Motherboard Accessories,170082,,,New,,,,,,US,,,
2.86711E+11,"Asus Prime Z790-P Wifi IO Shield, 3D Printed, I/O Backplate",,,6,FIXED_PRICE,USD,5,,,5,1,0,,Jul-16-25 19:24:09 PDT,Dec-16-25 19:24:09 PST,Other Motherboard Accessories,170082,,,New,,,,,,US,,,
2.86728E+11,"[AM4 AM5] Bracket for ML240L CoolerMaster AIO Water Cooler, 3D Printed PETG",,,3,FIXED_PRICE,USD,7.99,,,7.99,4,1,,Jul-24-25 09:11:34 PDT,Dec-24-25 09:11:34 PST,Water Cooling,131503,,,New,,,,,,US,,,
2.86729E+11,"Coinmine GZQ A8M4555 GM26V11 V12 I/O Shield, 3D Printed, Backplate, Black/White",,,6,FIXED_PRICE,USD,5,,,5,2,2,,Jul-24-25 22:03:23 PDT,Nov-24-25 22:03:23 PST,Other Motherboard Accessories,170082,,,New,,,,,,US,,,
2.86736E+11,"Gigabyte A520M Aorus I/O Shield, 3D Printed, IO Backplate",,,6,FIXED_PRICE,USD,5,,,5,1,0,,Jul-28-25 19:58:13 PDT,Nov-28-25 19:58:13 PST,Other Motherboard Accessories,170082,,,New,,,,,,US,,,
2.868E+11,"MSI Z270 Gaming M7, I/O Shield, 3D Printed, IO Backplate",,,7,FIXED_PRICE,USD,5,,,5,1,1,,Sep-03-25 08:58:44 PDT,Dec-03-25 08:58:44 PST,Other Motherboard Accessories,170082,,,New,,,,,,US,,,
2.86813E+11,"Asrock B650M-CW I/O Shield, 3D Printed, Black/White color, IO Backplate",,,10,FIXED_PRICE,USD,5,,,5,8,1,,Sep-09-25 21:41:27 PDT,Dec-09-25 21:41:27 PST,Other Motherboard Accessories,170082,,,New,,,,,,US,,,
2.86828E+11,Dell PR02X E-Port Plus II USB 3.0 Docking Station Replicator with AC Adapter,,,1,FIXED_PRICE,USD,9.99,,,9.99,0,0,,Sep-18-25 11:57:39 PDT,Dec-18-25 11:57:39 PST,Laptop Docking Stations,3709,,,Used,,,,,18042650744,US,0700621464983,,
2.86838E+11,"Gigabyte uATX-47-EA I/O Shield, 3D Printed, IO Backplate",,,7,FIXED_PRICE,USD,5,,,5,5,1,,Sep-24-25 06:50:56 PDT,Dec-24-25 06:50:56 PST,Other Motherboard Accessories,170082,,,New,,,,,,US,,,
2.86839E+11,"Asrock Z690-C D5, Asrock Phantom Gaming 4 I/O Shield, 3D Printed Backplate",,,7,FIXED_PRICE,USD,5,,,5,0,,,Sep-24-25 18:01:49 PDT,Nov-24-25 18:01:49 PST,Other Motherboard Accessories,170082,,,New,,,,,,US,,,
2.86877E+11,"Via epia 5000 I/O Shield, 3D Printed, IO Backplate",,,10,FIXED_PRICE,USD,5,,,5,0,1,,Oct-13-25 20:07:34 PDT,Dec-13-25 20:07:34 PST,Motherboard Backplates,170080,,,New,,,,,,US,,,
2.86877E+11,"XWG X58V1608 I/O Shield, 3D Printed, IO Backplate",,,10,FIXED_PRICE,USD,5,,,5,0,,,Oct-13-25 20:07:35 PDT,Dec-13-25 20:07:35 PST,Motherboard Backplates,170080,,,New,,,,,,US,,,
2.86877E+11,"Biostar TA990fxe I/O Shield, 3D Printed, IO Backplate",,,10,FIXED_PRICE,USD,5,,,5,0,,,Oct-13-25 20:32:05 PDT,Dec-13-25 20:32:05 PST,Motherboard Backplates,170080,,,New,,,,,,US,,,
2.86877E+11,"Asrock B760 D4 Lightning I/O Shield, 3D Printed, IO Backplate",,,10,FIXED_PRICE,USD,5,,,5,0,,,Oct-13-25 20:32:05 PDT,Dec-13-25 20:32:05 PST,Motherboard Backplates,170080,,,New,,,,,,US,,,
2.86877E+11,"Asrock X570 Phantom Gaming 4S I/O Shield, 3D Printed, IO Backplate",,,9,FIXED_PRICE,USD,5,,,5,1,1,,Oct-13-25 20:32:05 PDT,Dec-13-25 20:32:05 PST,Motherboard Backplates,170080,,,New,,,,,,US,,,
2.86877E+11,"Colorful H610 Smart Wifi V2 I/O Shield, 3D Printed, IO Backplate",,,10,FIXED_PRICE,USD,5,,,5,0,,,Oct-13-25 20:32:05 PDT,Dec-13-25 20:32:05 PST,Motherboard Backplates,170080,,,New,,,,,,US,,,
2.86877E+11,"Dell Precision T3630 0NNNCT NNNCT I/O Shield, 3D Printed, IO Backplate",,,7,FIXED_PRICE,USD,5,,,5,3,7,,Oct-13-25 20:32:05 PDT,Dec-13-25 20:32:05 PST,Motherboard Backplates,170080,,,New,,,,,,US,,,
2.86877E+11,"Gigabyte B550M DS3H (Rev 1.0 to 1.3) I/O Shield, 3D Printed, IO Backplate",,,10,FIXED_PRICE,USD,5,,,5,0,,,Oct-13-25 20:32:05 PDT,Dec-13-25 20:32:05 PST,Motherboard Backplates,170080,,,New,,,,,,US,,,
2.86877E+11,"Biostar B560MX-E Pro I/O Shield, 3D Printed, IO Backplate",,,10,FIXED_PRICE,USD,5,,,5,0,,,Oct-13-25 20:32:05 PDT,Dec-13-25 20:32:05 PST,Motherboard Backplates,170080,,,New,,,,,,US,,,
2.86877E+11,"Msi PRO B760-P DDR4 I/O Shield, 3D Printed, IO Backplate",,,10,FIXED_PRICE,USD,5,,,5,0,0,,Oct-13-25 20:32:05 PDT,Dec-13-25 20:32:05 PST,Motherboard Backplates,170080,,,New,,,,,,US,,,
2.86877E+11,"Msi B650 Tomahawk I/O Shield, 3D Printed, IO Backplate",,,10,FIXED_PRICE,USD,5,,,5,0,,,Oct-13-25 20:32:05 PDT,Dec-13-25 20:32:05 PST,Motherboard Backplates,170080,,,New,,,,,,US,,,
2.86877E+11,"Dell H81 OptiPlex 3020SFF I/O Shield, 3D Printed, IO Backplate",,,8,FIXED_PRICE,USD,5,,,5,2,0,,Oct-13-25 20:32:06 PDT,Dec-13-25 20:32:06 PST,Motherboard Backplates,170080,,,New,,,,,,US,,,
2.86877E+11,"Asus B760m-A CSM I/O Shield, 3D Printed, IO Backplate",,,10,FIXED_PRICE,USD,5,,,5,0,,,Oct-13-25 20:32:06 PDT,Dec-13-25 20:32:06 PST,Motherboard Backplates,170080,,,New,,,,,,US,,,
2.86877E+11,"ECS A55F2P-M2 I/O Shield, 3D Printed, IO Backplate",,,9,FIXED_PRICE,USD,5,,,5,1,0,,Oct-13-25 20:32:06 PDT,Dec-13-25 20:32:06 PST,Motherboard Backplates,170080,,,New,,,,,,US,,,
2.86877E+11,"Dell MIH81R VHWTR I/O Shield, 3D Printed, IO Backplate",,,10,FIXED_PRICE,USD,5,,,5,0,,,Oct-13-25 20:32:06 PDT,Dec-13-25 20:32:06 PST,Motherboard Backplates,170080,,,New,,,,,,US,,,
2.86877E+11,"Datto MD70 I/O Shield, 3D Printed, IO Backplate",,,10,FIXED_PRICE,USD,5,,,5,0,1,,Oct-13-25 20:32:06 PDT,Dec-13-25 20:32:06 PST,Motherboard Backplates,170080,,,New,,,,,,US,,,
2.86877E+11,"Colorful BTC B250C I/O Shield, 3D Printed, IO Backplate",,,10,FIXED_PRICE,USD,5,,,5,0,1,,Oct-13-25 20:32:06 PDT,Dec-13-25 20:32:06 PST,Motherboard Backplates,170080,,,New,,,,,,US,,,
2.86877E+11,"HP 761514-001 Z440 I/O Shield, 3D Printed, IO Backplate",,,8,FIXED_PRICE,USD,5,,,5,2,0,,Oct-13-25 20:32:06 PDT,Dec-13-25 20:32:06 PST,Motherboard Backplates,170080,,,New,,,,,,US,,,
2.86877E+11,"Asus PRIME Z690M-PLUS D4 I/O Shield, 3D Printed, IO Backplate",,,10,FIXED_PRICE,USD,5,,,5,0,1,,Oct-13-25 20:32:06 PDT,Dec-13-25 20:32:06 PST,Motherboard Backplates,170080,,,New,,,,,,US,,,
2.86877E+11,"HP Prodesk 400 G2, model 795970-002 I/O Shield, 3D Printed, IO Backplate",,,10,FIXED_PRICE,USD,5,,,5,0,,,Oct-13-25 20:32:06 PDT,Dec-13-25 20:32:06 PST,Motherboard Backplates,170080,,,New,,,,,,US,,,
2.86877E+11,"Asus D500TD Main BD I/O Shield, 3D Printed, IO Backplate",,,10,FIXED_PRICE,USD,5,,,5,0,,,Oct-13-25 20:32:06 PDT,Dec-13-25 20:32:06 PST,Motherboard Backplates,170080,,,New,,,,,,US,,,
2.86877E+11,"Gigabyte B550M DS3H AC Rev 1.5 1.7 I/O Shield, 3D Printed, IO Backplate",,,9,FIXED_PRICE,USD,5,,,5,1,1,,Oct-13-25 20:32:06 PDT,Dec-13-25 20:32:06 PST,Motherboard Backplates,170080,,,New,,,,,,US,,,
2.86877E+11,"ECS A320AM4-M3D I/O Shield, 3D Printed, IO Backplate",,,10,FIXED_PRICE,USD,5,,,5,0,,,Oct-13-25 20:32:06 PDT,Dec-13-25 20:32:06 PST,Motherboard Backplates,170080,,,New,,,,,,US,,,
2.86877E+11,"Gigabyte B760 DS3H DDR4 I/O Shield, 3D Printed, IO Backplate",,,10,FIXED_PRICE,USD,5,,,5,0,,,Oct-13-25 20:32:06 PDT,Dec-13-25 20:32:06 PST,Motherboard Backplates,170080,,,New,,,,,,US,,,
2.86877E+11,"Huananzhi X79-ZD3 I/O Shield, 3D Printed, IO Backplate",,,9,FIXED_PRICE,USD,5,,,5,1,0,,Oct-13-25 20:32:06 PDT,Dec-13-25 20:32:06 PST,Motherboard Backplates,170080,,,New,,,,,,US,,,
2.86877E+11,"Jginyue B450i I/O Shield, 3D Printed, IO Backplate",,,10,FIXED_PRICE,USD,5,,,5,0,,,Oct-13-25 20:32:06 PDT,Dec-13-25 20:32:06 PST,Motherboard Backplates,170080,,,New,,,,,,US,,,
2.86877E+11,"Msi Packard Bell-branded -6168 I/O Shield, 3D Printed, IO Backplate",,,10,FIXED_PRICE,USD,5,,,5,0,,,Oct-13-25 20:32:06 PDT,Dec-13-25 20:32:06 PST,Motherboard Backplates,170080,,,New,,,,,,US,,,
2.86877E+11,"Gigabyte B550 UD AC I/O Shield, 3D Printed, IO Backplate",,,6,FIXED_PRICE,USD,5,,,5,4,0,,Oct-13-25 20:32:06 PDT,Dec-13-25 20:32:06 PST,Motherboard Backplates,170080,,,New,,,,,,US,,,
2.86877E+11,"Biostar B350GTN I/O Shield, 3D Printed, IO Backplate",,,10,FIXED_PRICE,USD,5,,,5,0,,,Oct-13-25 20:32:06 PDT,Dec-13-25 20:32:06 PST,Motherboard Backplates,170080,,,New,,,,,,US,,,
2.86877E+11,"Galax H510 I/O Shield, 3D Printed, IO Backplate",,,10,FIXED_PRICE,USD,5,,,5,0,,,Oct-13-25 20:32:06 PDT,Dec-13-25 20:32:06 PST,Motherboard Backplates,170080,,,New,,,,,,US,,,
2.86877E+11,"FIC SD11 I/O Shield, 3D Printed, IO Backplate",,,8,FIXED_PRICE,USD,5,,,5,2,0,,Oct-13-25 20:32:06 PDT,Dec-13-25 20:32:06 PST,Motherboard Backplates,170080,,,New,,,,,,US,,,
2.86877E+11,"Huananzhi X99 F8D Plus I/O Shield, 3D Printed, IO Backplate",,,10,FIXED_PRICE,USD,5,,,5,0,,,Oct-13-25 20:32:06 PDT,Dec-13-25 20:32:06 PST,Motherboard Backplates,170080,,,New,,,,,,US,,,
2.86877E+11,"HP Z690 Blizzard Oc I/O Shield, 3D Printed, IO Backplate",,,10,FIXED_PRICE,USD,5,,,5,0,,,Oct-13-25 20:32:06 PDT,Dec-13-25 20:32:06 PST,Motherboard Backplates,170080,,,New,,,,,,US,,,
2.86877E+11,"HP 600 G2 I/O Shield, 3D Printed, IO Backplate",,,10,FIXED_PRICE,USD,5,,,5,0,,,Oct-13-25 20:32:06 PDT,Dec-13-25 20:32:06 PST,Motherboard Backplates,170080,,,New,,,,,,US,,,
2.86877E+11,"Asrock Z690-C D5 I/O Shield, 3D Printed, IO Backplate",,,10,FIXED_PRICE,USD,5,,,5,0,,,Oct-13-25 20:32:06 PDT,Dec-13-25 20:32:06 PST,Motherboard Backplates,170080,,,New,,,,,,US,,,
2.86877E+11,"Huananzhi X99-F8D I/O Shield, 3D Printed, IO Backplate",,,10,FIXED_PRICE,USD,5,,,5,0,,,Oct-13-25 20:32:06 PDT,Dec-13-25 20:32:06 PST,Motherboard Backplates,170080,,,New,,,,,,US,,,
2.86877E+11,"EVGA NForce 750i SLI I/O Shield, 3D Printed, IO Backplate",,,9,FIXED_PRICE,USD,5,,,5,1,2,,Oct-13-25 20:32:06 PDT,Dec-13-25 20:32:06 PST,Motherboard Backplates,170080,,,New,,,,,,US,,,
2.86877E+11,"Huananzhi H610M-K I/O Shield, 3D Printed, IO Backplate",,,10,FIXED_PRICE,USD,5,,,5,0,,,Oct-13-25 20:32:06 PDT,Dec-13-25 20:32:06 PST,Motherboard Backplates,170080,,,New,,,,,,US,,,
2.86877E+11,"HP FMB-1401 I/O Shield, 3D Printed, IO Backplate",,,10,FIXED_PRICE,USD,5,,,5,0,,,Oct-13-25 20:32:06 PDT,Dec-13-25 20:32:06 PST,Motherboard Backplates,170080,,,New,,,,,,US,,,
2.86877E+11,"Msi Pro B650-P Wifi I/O Shield, 3D Printed, IO Backplate",,,10,FIXED_PRICE,USD,5,,,5,0,,,Oct-13-25 20:32:06 PDT,Dec-13-25 20:32:06 PST,Motherboard Backplates,170080,,,New,,,,,,US,,,
2.86877E+11,"SuperMicro X11DAi-N I/O Shield, 3D Printed, IO Backplate",,,10,FIXED_PRICE,USD,5,,,5,0,,,Oct-13-25 20:32:06 PDT,Dec-13-25 20:32:06 PST,Motherboard Backplates,170080,,,New,,,,,,US,,,
2.86877E+11,"OEM X79G Huananzhi I/O Shield, 3D Printed, IO Backplate",,,10,FIXED_PRICE,USD,5,,,5,0,,,Oct-13-25 20:36:54 PDT,Dec-13-25 20:36:54 PST,Motherboard Backplates,170080,,,New,,,,,,US,,,
2.86877E+11,"OEM X99 DUAL ZX-DU99D3 DDR3 I/O Shield, 3D Printed, IO Backplate",,,10,FIXED_PRICE,USD,5,,,5,0,,,Oct-13-25 20:36:54 PDT,Dec-13-25 20:36:54 PST,Motherboard Backplates,170080,,,New,,,,,,US,,,
2.86877E+11,"OEM X58 Xeon I/O Shield, 3D Printed, IO Backplate",,,10,FIXED_PRICE,USD,5,,,5,0,,,Oct-13-25 20:36:54 PDT,Dec-13-25 20:36:54 PST,Motherboard Backplates,170080,,,New,,,,,,US,,,
2.86877E+11,"OEM X99M-G I/O Shield, 3D Printed, IO Backplate",,,10,FIXED_PRICE,USD,5,,,5,0,,,Oct-13-25 20:36:55 PDT,Dec-13-25 20:36:55 PST,Motherboard Backplates,170080,,,New,,,,,,US,,,
2.86889E+11,"Asrock Z890 P ro-A I/O Shield, 3D Printed, Black/White color, IO Backplate",,,5,FIXED_PRICE,USD,5,,,5,1,0,,Oct-20-25 16:44:33 PDT,Dec-20-25 16:44:33 PST,Other Motherboard Accessories,170082,,,New,,,,,,US,,,
2.86889E+11,"Asrock Z890 P ro-A Wifi I/O Shield, 3D Printed, Black/White color, IO Backplate",,,5,FIXED_PRICE,USD,5,,,5,1,0,,Oct-20-25 16:45:22 PDT,Dec-20-25 16:45:22 PST,Other Motherboard Accessories,170082,,,New,,,,,,US,,,
2.86891E+11,Sonic Superstars - Sony PlayStation 4 PS4 - Brand New Sealed US Version,,,0,FIXED_PRICE,USD,23,,,23,1,1,,Oct-21-25 14:32:25 PDT,Dec-21-25 14:32:25 PST,Video Games,139973,,,Brand New,,,,,10061955000,US,0010086633054,,
2.86891E+11,Sonic Frontiers - Sony PlayStation 5,,,1,FIXED_PRICE,USD,13.99,,,13.99,0,,,Oct-21-25 14:47:07 PDT,Dec-21-25 14:47:07 PST,Video Games,139973,,,Brand New,,,,,19056078575,US,0010086632873,,
2.86903E+11,[AM4/AM5] Corsair H100i H150i RGB Aio Bracket,,,1,FIXED_PRICE,USD,8,,,8,0,,,Oct-28-25 09:11:54 PDT,Nov-28-25 09:11:54 PST,Water Cooling,131503,,,New,,,,,,US,,,
2.86904E+11,"Asrock B660M-C I/O Shield, 3D Printed, IO Backplate",,,4,FIXED_PRICE,USD,5,,,5,2,0,,Oct-28-25 17:52:56 PDT,Nov-28-25 17:52:56 PST,Other Motherboard Accessories,170082,,,New,,,,,,US,,,
2.86904E+11,[LGA 1700/1851] Corsair ICUE H100i H150i RGB Bracket Aio Liquid Link Titan,,,1,FIXED_PRICE,USD,9,,,9,0,1,,Oct-28-25 20:48:44 PDT,Nov-28-25 20:48:44 PST,Water Cooling,131503,,,New,,,,,,US,,,
2.86906E+11,"Msi B450 Pro Max I/O Shield, 3D Printed, Black/White color, IO Backplate",,,4,FIXED_PRICE,USD,5,,,5,2,0,,Oct-29-25 22:00:08 PDT,Nov-29-25 22:00:08 PST,Other Motherboard Accessories,170082,,,New,,,,,,US,,,
2.86924E+11,"Headphone Holder + Cable Router, 3D Printed, Random Color",Color=Black;White;Random;White Glow In Dark,,19,FIXED_PRICE,USD,7.5,,,7.5,0,,,Nov-07-25 17:18:23 PST,Dec-07-25 17:18:23 PST,Cable Ties & Organizers,67858,,,New,,,,,,US,,,
2.86924E+11,"Headphone Holder + Cable Router, 3D Printed, Random Color",Color=Black,,5,FIXED_PRICE,USD,8,,,,0,,,Nov-07-25 17:18:23 PST,Dec-07-25 17:18:23 PST,Cable Ties & Organizers,67858,,,New,,,,,,US,,,
2.86924E+11,"Headphone Holder + Cable Router, 3D Printed, Random Color",Color=White,,5,FIXED_PRICE,USD,8,,,,0,,,Nov-07-25 17:18:23 PST,Dec-07-25 17:18:23 PST,Cable Ties & Organizers,67858,,,New,,,,,,US,,,
2.86924E+11,"Headphone Holder + Cable Router, 3D Printed, Random Color",Color=Random,,6,FIXED_PRICE,USD,7.5,,,,0,,,Nov-07-25 17:18:23 PST,Dec-07-25 17:18:23 PST,Cable Ties & Organizers,67858,,,New,,,,,,US,,,
2.86924E+11,"Headphone Holder + Cable Router, 3D Printed, Random Color",Color=White Glow In Dark,,3,FIXED_PRICE,USD,10,,,,0,,,Nov-07-25 17:18:23 PST,Dec-07-25 17:18:23 PST,Cable Ties & Organizers,67858,,,New,,,,,,US,,,
2.86926E+11,"Hard Drive Tray for CM Cooler Master Case, 3D Printed, HDD Sled, Black/White",,,7,FIXED_PRICE,USD,5.99,,,5.99,0,0,,Nov-08-25 11:35:58 PST,Dec-08-25 11:35:58 PST,Case Parts & Accessories,51064,,,New,,,,,,US,,,
2.86928E+11,"Asus EX-B365M-V5 I/O Shield, 3D Printed, IO Backplate",,,10,FIXED_PRICE,USD,5,,,5,0,,,Nov-09-25 08:57:16 PST,Dec-09-25 08:57:16 PST,Motherboard Backplates,170080,,,New,,,,,,US,,,
2.86928E+11,"Asus X79 Sabertooth I/O Shield, 3D Printed, IO Backplate",,,10,FIXED_PRICE,USD,5,,,5,0,,,Nov-09-25 08:57:16 PST,Dec-09-25 08:57:16 PST,Motherboard Backplates,170080,,,New,,,,,,US,,,
2.86928E+11,"ECS H110i - C33 I/O Shield, 3D Printed, IO Backplate",,,10,FIXED_PRICE,USD,5,,,5,0,,,Nov-09-25 08:57:16 PST,Dec-09-25 08:57:16 PST,Motherboard Backplates,170080,,,New,,,,,,US,,,
2.86928E+11,"Asus B450m Tuf Pro 2 I/O Shield, 3D Printed, IO Backplate",,,10,FIXED_PRICE,USD,5,,,5,0,,,Nov-09-25 08:57:16 PST,Dec-09-25 08:57:16 PST,Motherboard Backplates,170080,,,New,,,,,,US,,,
2.86928E+11,"Asus PRIME H410M-R I/O Shield, 3D Printed, IO Backplate",,,10,FIXED_PRICE,USD,5,,,5,0,,,Nov-09-25 08:57:16 PST,Dec-09-25 08:57:16 PST,Motherboard Backplates,170080,,,New,,,,,,US,,,
2.86928E+11,"Asus Crosshair 6 I/O Shield, 3D Printed, IO Backplate",,,10,FIXED_PRICE,USD,5,,,5,0,,,Nov-09-25 08:57:16 PST,Dec-09-25 08:57:16 PST,Motherboard Backplates,170080,,,New,,,,,,US,,,
2.86928E+11,"Asus B350 Gaming Plus TUF I/O Shield, 3D Printed, IO Backplate",,,10,FIXED_PRICE,USD,5,,,5,0,,,Nov-09-25 08:57:16 PST,Dec-09-25 08:57:16 PST,Motherboard Backplates,170080,,,New,,,,,,US,,,
2.86928E+11,"Gigabyte A520i AC I/O Shield, 3D Printed, IO Backplate",,,9,FIXED_PRICE,USD,5,,,5,1,0,,Nov-09-25 08:57:16 PST,Dec-09-25 08:57:16 PST,Motherboard Backplates,170080,,,New,,,,,,US,,,
2.86928E+11,"Asrock J4105-ITX I/O Shield, 3D Printed, IO Backplate",,,10,FIXED_PRICE,USD,5,,,5,0,,,Nov-09-25 08:57:16 PST,Dec-09-25 08:57:16 PST,Motherboard Backplates,170080,,,New,,,,,,US,,,
2.86928E+11,"Gigabyte B150M-D3H I/O Shield, 3D Printed, IO Backplate",,,10,FIXED_PRICE,USD,5,,,5,0,,,Nov-09-25 08:57:16 PST,Dec-09-25 08:57:16 PST,Motherboard Backplates,170080,,,New,,,,,,US,,,
2.86928E+11,"Gigabyte GA-F2A55m-hd2 I/O Shield, 3D Printed, IO Backplate",,,10,FIXED_PRICE,USD,5,,,5,0,,,Nov-09-25 08:57:16 PST,Dec-09-25 08:57:16 PST,Motherboard Backplates,170080,,,New,,,,,,US,,,
2.86928E+11,"Gigabyte GA-H110M-S2H I/O Shield, 3D Printed, IO Backplate",,,10,FIXED_PRICE,USD,5,,,5,0,,,Nov-09-25 08:57:16 PST,Dec-09-25 08:57:16 PST,Motherboard Backplates,170080,,,New,,,,,,US,,,
2.86928E+11,"Gigabyte B365 D2V I/O Shield, 3D Printed, IO Backplate",,,10,FIXED_PRICE,USD,5,,,5,0,,,Nov-09-25 08:57:16 PST,Dec-09-25 08:57:16 PST,Motherboard Backplates,170080,,,New,,,,,,US,,,
2.86928E+11,"Asrock B365M-HDV I/O Shield, 3D Printed, IO Backplate",,,10,FIXED_PRICE,USD,5,,,5,0,,,Nov-09-25 08:57:16 PST,Dec-09-25 08:57:16 PST,Motherboard Backplates,170080,,,New,,,,,,US,,,
2.86928E+11,"Msi A320M-A Pro Max I/O Shield, 3D Printed, IO Backplate",,,10,FIXED_PRICE,USD,5,,,5,0,,,Nov-09-25 08:57:16 PST,Dec-09-25 08:57:16 PST,Motherboard Backplates,170080,,,New,,,,,,US,,,
2.86928E+11,"Msi A320M Gaming Pro I/O Shield, 3D Printed, IO Backplate",,,10,FIXED_PRICE,USD,5,,,5,0,,,Nov-09-25 08:57:16 PST,Dec-09-25 08:57:16 PST,Motherboard Backplates,170080,,,New,,,,,,US,,,
2.86928E+11,"Msi 970A GAMING PRO CARBON I/O Shield, 3D Printed, IO Backplate",,,10,FIXED_PRICE,USD,5,,,5,0,,,Nov-09-25 08:57:16 PST,Dec-09-25 08:57:16 PST,Motherboard Backplates,170080,,,New,,,,,,US,,,
2.86928E+11,"Msi B150m Mortar I/O Shield, 3D Printed, IO Backplate",,,10,FIXED_PRICE,USD,5,,,5,0,,,Nov-09-25 08:57:16 PST,Dec-09-25 08:57:16 PST,Motherboard Backplates,170080,,,New,,,,,,US,,,
2.86928E+11,"Msi H81M P33 I/O Shield, 3D Printed, IO Backplate",,,10,FIXED_PRICE,USD,5,,,5,0,,,Nov-09-25 08:57:16 PST,Dec-09-25 08:57:16 PST,Motherboard Backplates,170080,,,New,,,,,,US,,,
2.86928E+11,"Msi X370 SLI PLUS I/O Shield, 3D Printed, IO Backplate",,,10,FIXED_PRICE,USD,5,,,5,0,,,Nov-09-25 08:57:16 PST,Dec-09-25 08:57:16 PST,Motherboard Backplates,170080,,,New,,,,,,US,,,
2.86928E+11,"Asus A520M-E I/O Shield, 3D Printed, IO Backplate",,,10,FIXED_PRICE,USD,5,,,5,0,,,Nov-09-25 08:57:16 PST,Dec-09-25 08:57:16 PST,Motherboard Backplates,170080,,,New,,,,,,US,,,
2.86928E+11,"Asrock B560M-HDV I/O Shield, 3D Printed, IO Backplate",,,10,FIXED_PRICE,USD,5,,,5,0,,,Nov-09-25 08:57:16 PST,Dec-09-25 08:57:16 PST,Motherboard Backplates,170080,,,New,,,,,,US,,,
2.86928E+11,"Asrock H110D-M4 I/O Shield, 3D Printed, IO Backplate",,,10,FIXED_PRICE,USD,5,,,5,0,,,Nov-09-25 08:57:16 PST,Dec-09-25 08:57:16 PST,Motherboard Backplates,170080,,,New,,,,,,US,,,
2.86928E+11,"Asus B550 Plus I/O Shield, 3D Printed, IO Backplate",,,10,FIXED_PRICE,USD,5,,,5,0,,,Nov-09-25 08:57:16 PST,Dec-09-25 08:57:16 PST,Motherboard Backplates,170080,,,New,,,,,,US,,,
2.86928E+11,"Asus B460I Prime Plus I/O Shield, 3D Printed, IO Backplate",,,10,FIXED_PRICE,USD,5,,,5,0,,,Nov-09-25 08:57:16 PST,Dec-09-25 08:57:16 PST,Motherboard Backplates,170080,,,New,,,,,,US,,,
2.86928E+11,"Msi Z390 Gaming Edge AC I/O Shield, 3D Printed, IO Backplate",,,10,FIXED_PRICE,USD,5,,,5,0,,,Nov-09-25 08:57:16 PST,Dec-09-25 08:57:16 PST,Motherboard Backplates,170080,,,New,,,,,,US,,,
2.86928E+11,"Asus H310M-D Qat I/O Shield, 3D Printed, IO Backplate",,,10,FIXED_PRICE,USD,5,,,5,0,,,Nov-09-25 08:57:16 PST,Dec-09-25 08:57:16 PST,Motherboard Backplates,170080,,,New,,,,,,US,,,
2.86928E+11,"Gigabyte B85H3-M4 I/O Shield, 3D Printed, IO Backplate",,,10,FIXED_PRICE,USD,5,,,5,0,,,Nov-09-25 08:57:16 PST,Dec-09-25 08:57:16 PST,Motherboard Backplates,170080,,,New,,,,,,US,,,
2.86928E+11,"Asrock B550AM Gaming I/O Shield, 3D Printed, IO Backplate",,,10,FIXED_PRICE,USD,5,,,5,0,,,Nov-09-25 08:57:16 PST,Dec-09-25 08:57:16 PST,Motherboard Backplates,170080,,,New,,,,,,US,,,
2.86928E+11,"Asus P8Z77-V Pro I/O Shield, 3D Printed, IO Backplate",,,10,FIXED_PRICE,USD,5,,,5,0,,,Nov-09-25 08:57:16 PST,Dec-09-25 08:57:16 PST,Motherboard Backplates,170080,,,New,,,,,,US,,,
2.86928E+11,"Gigabyte F2A68HM-S1 I/O Shield, 3D Printed, IO Backplate",,,10,FIXED_PRICE,USD,5,,,5,0,,,Nov-09-25 08:57:16 PST,Dec-09-25 08:57:16 PST,Motherboard Backplates,170080,,,New,,,,,,US,,,
2.86928E+11,"Asrock X370 Pro4 I/O Shield, 3D Printed, IO Backplate",,,10,FIXED_PRICE,USD,5,,,5,0,,,Nov-09-25 08:57:16 PST,Dec-09-25 08:57:16 PST,Motherboard Backplates,170080,,,New,,,,,,US,,,
2.86928E+11,"Asrock H610M-HVS M.2 I/O Shield, 3D Printed, IO Backplate",,,10,FIXED_PRICE,USD,5,,,5,0,,,Nov-09-25 08:57:16 PST,Dec-09-25 08:57:16 PST,Motherboard Backplates,170080,,,New,,,,,,US,,,
2.86928E+11,"Asus PRIME B350-PLUS I/O Shield, 3D Printed, IO Backplate",,,10,FIXED_PRICE,USD,5,,,5,0,,,Nov-09-25 08:57:16 PST,Dec-09-25 08:57:16 PST,Motherboard Backplates,170080,,,New,,,,,,US,,,
2.86928E+11,"Msi Z390-A PRO I/O Shield, 3D Printed, IO Backplate",,,10,FIXED_PRICE,USD,5,,,5,0,,,Nov-09-25 08:57:16 PST,Dec-09-25 08:57:16 PST,Motherboard Backplates,170080,,,New,,,,,,US,,,
2.86928E+11,"Gigabyte GA-Z87X-UD3H I/O Shield, 3D Printed, IO Backplate",,,10,FIXED_PRICE,USD,5,,,5,0,,,Nov-09-25 08:57:16 PST,Dec-09-25 08:57:16 PST,Motherboard Backplates,170080,,,New,,,,,,US,,,
2.86928E+11,"Msi B450 Tomahawk Max I/O Shield, 3D Printed, IO Backplate",,,10,FIXED_PRICE,USD,5,,,5,0,,,Nov-09-25 08:57:16 PST,Dec-09-25 08:57:16 PST,Motherboard Backplates,170080,,,New,,,,,,US,,,
2.86928E+11,"Gigabyte B150N Phoenix Wifi I/O Shield, 3D Printed, IO Backplate",,,10,FIXED_PRICE,USD,5,,,5,0,,,Nov-09-25 08:57:16 PST,Dec-09-25 08:57:16 PST,Motherboard Backplates,170080,,,New,,,,,,US,,,
2.86928E+11,"Msi A320M Grenade - Copy I/O Shield, 3D Printed, IO Backplate",,,10,FIXED_PRICE,USD,5,,,5,0,,,Nov-09-25 08:57:16 PST,Dec-09-25 08:57:16 PST,Motherboard Backplates,170080,,,New,,,,,,US,,,
2.86928E+11,"Asus Prime B650 Plus I/O Shield, 3D Printed, IO Backplate",,,10,FIXED_PRICE,USD,5,,,5,0,1,,Nov-09-25 08:57:16 PST,Dec-09-25 08:57:16 PST,Motherboard Backplates,170080,,,New,,,,,,US,,,
2.86928E+11,"Msi Z370 Mortar Corrected I/O Shield, 3D Printed, IO Backplate",,,10,FIXED_PRICE,USD,5,,,5,0,,,Nov-09-25 08:57:16 PST,Dec-09-25 08:57:16 PST,Motherboard Backplates,170080,,,New,,,,,,US,,,
2.86928E+11,"Asus B150M Pro Gaming I/O Shield, 3D Printed, IO Backplate",,,10,FIXED_PRICE,USD,5,,,5,0,,,Nov-09-25 08:57:17 PST,Dec-09-25 08:57:17 PST,Motherboard Backplates,170080,,,New,,,,,,US,,,
2.86928E+11,"Msi Z170-A PRO I/O Shield, 3D Printed, IO Backplate",,,10,FIXED_PRICE,USD,5,,,5,0,,,Nov-09-25 08:57:16 PST,Dec-09-25 08:57:16 PST,Motherboard Backplates,170080,,,New,,,,,,US,,,
2.86928E+11,"Asus B450M-A I/O Shield, 3D Printed, IO Backplate",,,10,FIXED_PRICE,USD,5,,,5,0,,,Nov-09-25 08:57:17 PST,Dec-09-25 08:57:17 PST,Motherboard Backplates,170080,,,New,,,,,,US,,,
2.86928E+11,"Asus Z87-A I/O Shield, 3D Printed, IO Backplate",,,10,FIXED_PRICE,USD,5,,,5,0,,,Nov-09-25 08:57:17 PST,Dec-09-25 08:57:17 PST,Motherboard Backplates,170080,,,New,,,,,,US,,,
2.86928E+11,"Asus B85M-G I/O Shield, 3D Printed, IO Backplate",,,10,FIXED_PRICE,USD,5,,,5,0,,,Nov-09-25 08:57:17 PST,Dec-09-25 08:57:17 PST,Motherboard Backplates,170080,,,New,,,,,,US,,,
2.86928E+11,"Gigabyte B450M Gaming I/O Shield, 3D Printed, IO Backplate",,,10,FIXED_PRICE,USD,5,,,5,0,,,Nov-09-25 08:57:17 PST,Dec-09-25 08:57:17 PST,Motherboard Backplates,170080,,,New,,,,,,US,,,
2.86928E+11,"Asrock B650M-H M.2 I/O Shield, 3D Printed, IO Backplate",,,10,FIXED_PRICE,USD,5,,,5,0,,,Nov-09-25 08:57:16 PST,Dec-09-25 08:57:16 PST,Motherboard Backplates,170080,,,New,,,,,,US,,,
2.86928E+11,"Asus P8Z77-V LK I/O Shield, 3D Printed, IO Backplate",,,10,FIXED_PRICE,USD,5,,,5,0,,,Nov-09-25 08:57:16 PST,Dec-09-25 08:57:16 PST,Motherboard Backplates,170080,,,New,,,,,,US,,,
2.86928E+11,"Gigabyte B550 Eagle WIFI6 I/O Shield, 3D Printed, IO Backplate",,,10,FIXED_PRICE,USD,5,,,5,0,,,Nov-09-25 08:57:17 PST,Dec-09-25 08:57:17 PST,Motherboard Backplates,170080,,,New,,,,,,US,,,
2.86928E+11,"Asus P8H61-I R2.0 I/O Shield, 3D Printed, IO Backplate",,,10,FIXED_PRICE,USD,5,,,5,0,,,Nov-09-25 08:57:17 PST,Dec-09-25 08:57:17 PST,Motherboard Backplates,170080,,,New,,,,,,US,,,
2.86928E+11,"Gigabyte X58A UD7 V2 I/O Shield, 3D Printed, IO Backplate",,,10,FIXED_PRICE,USD,5,,,5,0,,,Nov-09-25 08:57:17 PST,Dec-09-25 08:57:17 PST,Motherboard Backplates,170080,,,New,,,,,,US,,,
2.86928E+11,"Asrock Z270 Taichi I/O Shield, 3D Printed, IO Backplate",,,10,FIXED_PRICE,USD,5,,,5,0,,,Nov-09-25 08:57:17 PST,Dec-09-25 08:57:17 PST,Motherboard Backplates,170080,,,New,,,,,,US,,,
2.86928E+11,"Asrock IMB 390-l I/O Shield, 3D Printed, IO Backplate",,,10,FIXED_PRICE,USD,5,,,5,0,,,Nov-09-25 08:57:16 PST,Dec-09-25 08:57:16 PST,Motherboard Backplates,170080,,,New,,,,,,US,,,
2.86928E+11,"Asus B650M-A CSM I/O Shield, 3D Printed, IO Backplate",,,10,FIXED_PRICE,USD,5,,,5,0,,,Nov-09-25 08:57:17 PST,Dec-09-25 08:57:17 PST,Motherboard Backplates,170080,,,New,,,,,,US,,,
2.86928E+11,"Asus Maximus 4 Extreme I/O Shield, 3D Printed, IO Backplate",,,10,FIXED_PRICE,USD,5,,,5,0,,,Nov-09-25 08:57:16 PST,Dec-09-25 08:57:16 PST,Motherboard Backplates,170080,,,New,,,,,,US,,,
2.86928E+11,"Biostar A55MD2 I/O Shield, 3D Printed, IO Backplate",,,10,FIXED_PRICE,USD,5,,,5,0,,,Nov-09-25 08:57:17 PST,Dec-09-25 08:57:17 PST,Motherboard Backplates,170080,,,New,,,,,,US,,,
2.86928E+11,"Asus Z87 Sabertooth I/O Shield, 3D Printed, IO Backplate",,,10,FIXED_PRICE,USD,5,,,5,0,,,Nov-09-25 08:57:17 PST,Dec-09-25 08:57:17 PST,Motherboard Backplates,170080,,,New,,,,,,US,,,
2.86928E+11,"Msi B85-G43 Gaming I/O Shield, 3D Printed, IO Backplate",,,10,FIXED_PRICE,USD,5,,,5,0,,,Nov-09-25 08:57:17 PST,Dec-09-25 08:57:17 PST,Motherboard Backplates,170080,,,New,,,,,,US,,,
2.86928E+11,"Asus PRIME H510M-A WIFI I/O Shield, 3D Printed, IO Backplate",,,10,FIXED_PRICE,USD,5,,,5,0,,,Nov-09-25 08:57:17 PST,Dec-09-25 08:57:17 PST,Motherboard Backplates,170080,,,New,,,,,,US,,,
2.86928E+11,"Msi B360m Pro VH I/O Shield, 3D Printed, IO Backplate",,,10,FIXED_PRICE,USD,5,,,5,0,,,Nov-09-25 08:57:16 PST,Dec-09-25 08:57:16 PST,Motherboard Backplates,170080,,,New,,,,,,US,,,
2.86928E+11,"Msi 865GM2 MS-6743 I/O Shield, 3D Printed, IO Backplate",,,10,FIXED_PRICE,USD,5,,,5,0,,,Nov-09-25 08:57:16 PST,Dec-09-25 08:57:16 PST,Motherboard Backplates,170080,,,New,,,,,,US,,,
2.86928E+11,"Msi Z97 Gaming 3 I/O Shield, 3D Printed, IO Backplate",,,10,FIXED_PRICE,USD,5,,,5,0,,,Nov-09-25 08:57:17 PST,Dec-09-25 08:57:17 PST,Motherboard Backplates,170080,,,New,,,,,,US,,,
2.86928E+11,"Gigabyte GA-970A-DS3P I/O Shield, 3D Printed, IO Backplate",,,10,FIXED_PRICE,USD,5,,,5,0,,,Nov-09-25 08:57:17 PST,Dec-09-25 08:57:17 PST,Motherboard Backplates,170080,,,New,,,,,,US,,,
2.86928E+11,"Msi Z97s SLI Krait Edition I/O Shield, 3D Printed, IO Backplate",,,10,FIXED_PRICE,USD,5,,,5,0,,,Nov-09-25 08:57:17 PST,Dec-09-25 08:57:17 PST,Motherboard Backplates,170080,,,New,,,,,,US,,,
2.86928E+11,"Msi B550 TOMAHAWK PRO B550-VC Gaming Plus I/O Shield, 3D Printed, IO Backplate",,,9,FIXED_PRICE,USD,5,,,5,1,0,,Nov-09-25 09:00:15 PST,Dec-09-25 09:00:15 PST,Motherboard Backplates,170080,,,New,,,,,,US,,,
2.8693E+11,"Custom IO Shield [Glow In The Dark Edition], 3D Printed, IO Backplate",,,12,FIXED_PRICE,USD,12,,,12,0,,,Nov-10-25 11:28:18 PST,Dec-10-25 11:28:18 PST,Motherboards,1244,,,New,,,,,,US,,,
2.8693E+11,"Custom IO Shield [Ventilated Edition], 3D Printed, IO Backplate, I/O Mobo Shield",,,15,FIXED_PRICE,USD,9,,,9,0,2,,Nov-10-25 11:36:40 PST,Dec-10-25 11:36:40 PST,Motherboard Backplates,170080,,,New,,,,,,US,,,
2.86938E+11,"Gigabyte B550M DS3H AC (Rev 1.0 to 1.3) I/O Shield, 3D Printed, IO Backplate",,,9,FIXED_PRICE,USD,5,,,5,1,0,,Nov-13-25 17:02:31 PST,Dec-13-25 17:02:31 PST,Motherboard Backplates,170080,,,New,,,,,,US,,,
2.86968E+11,"SSD Tray for HAF XB EVO Cooler Master CM, 3D Printed, SSD Sled, Black/White",,,7,FIXED_PRICE,USD,8.5,,,8.5,3,1,,Nov-24-25 11:16:05 PST,Dec-24-25 11:16:05 PST,Case Parts & Accessories,51064,,,New,,,,,,US,,,
2.86968E+11,"Asrock B850M-X Wifi I/O Shield, 3D Printed, IO Backplate",,,10,FIXED_PRICE,USD,5,,,5,0,,,Nov-24-25 15:42:46 PST,Dec-24-25 15:42:46 PST,Motherboard Backplates,170080,,,New,,,,,,US,,,
2.86968E+11,"Dell Vostro 260 I/O Shield, 3D Printed, IO Backplate",,,10,FIXED_PRICE,USD,5,,,5,0,,,Nov-24-25 15:51:02 PST,Dec-24-25 15:51:02 PST,Motherboard Backplates,170080,,,New,,,,,,US,,,
2.86968E+11,"Asus B350M-K I/O Shield, 3D Printed, IO Backplate",,,10,FIXED_PRICE,USD,5,,,5,0,,,Nov-24-25 15:51:02 PST,Dec-24-25 15:51:02 PST,Motherboard Backplates,170080,,,New,,,,,,US,,,
2.86968E+11,"Asus PRIME B250M-A I/O Shield, 3D Printed, IO Backplate",,,10,FIXED_PRICE,USD,5,,,5,0,,,Nov-24-25 15:51:02 PST,Dec-24-25 15:51:02 PST,Motherboard Backplates,170080,,,New,,,,,,US,,,
2.86968E+11,"Asus H410M-D I/O Shield, 3D Printed, IO Backplate",,,10,FIXED_PRICE,USD,5,,,5,0,,,Nov-24-25 15:51:02 PST,Dec-24-25 15:51:02 PST,Motherboard Backplates,170080,,,New,,,,,,US,,,
2.86968E+11,"Asus P8H61 I/O Shield, 3D Printed, IO Backplate",,,10,FIXED_PRICE,USD,5,,,5,0,,,Nov-24-25 15:51:02 PST,Dec-24-25 15:51:02 PST,Motherboard Backplates,170080,,,New,,,,,,US,,,
2.86968E+11,"Gigabyte GA-Z270X-Ultra Gaming I/O Shield, 3D Printed, IO Backplate",,,10,FIXED_PRICE,USD,5,,,5,0,,,Nov-24-25 15:51:02 PST,Dec-24-25 15:51:02 PST,Motherboard Backplates,170080,,,New,,,,,,US,,,
2.86968E+11,"Huananzhi X99 QD4 Wifi I/O Shield, 3D Printed, IO Backplate",,,10,FIXED_PRICE,USD,5,,,5,0,,,Nov-24-25 15:51:02 PST,Dec-24-25 15:51:02 PST,Motherboard Backplates,170080,,,New,,,,,,US,,,
2.86968E+11,"Asus Z270E I/O Shield, 3D Printed, IO Backplate",,,10,FIXED_PRICE,USD,5,,,5,0,,,Nov-24-25 15:51:02 PST,Dec-24-25 15:51:02 PST,Motherboard Backplates,170080,,,New,,,,,,US,,,
2.86968E+11,"Asus B660m TUF I/O Shield, 3D Printed, IO Backplate",,,10,FIXED_PRICE,USD,5,,,5,0,,,Nov-24-25 15:51:02 PST,Dec-24-25 15:51:02 PST,Motherboard Backplates,170080,,,New,,,,,,US,,,
2.86968E+11,"Msi B550 Gaming Gen 3 I/O Shield, 3D Printed, IO Backplate",,,10,FIXED_PRICE,USD,5,,,5,0,,,Nov-24-25 15:51:02 PST,Dec-24-25 15:51:02 PST,Motherboard Backplates,170080,,,New,,,,,,US,,,
2.86968E+11,"Asus Prime B365M-K I/O Shield, 3D Printed, IO Backplate",,,10,FIXED_PRICE,USD,5,,,5,0,,,Nov-24-25 15:51:02 PST,Dec-24-25 15:51:02 PST,Motherboard Backplates,170080,,,New,,,,,,US,,,
2.86968E+11,"Asus A320M-K I/O Shield, 3D Printed, IO Backplate",,,10,FIXED_PRICE,USD,5,,,5,0,,,Nov-24-25 15:51:02 PST,Dec-24-25 15:51:02 PST,Motherboard Backplates,170080,,,New,,,,,,US,,,
2.86968E+11,"Asrock H410M-HDV I/O Shield, 3D Printed, IO Backplate",,,10,FIXED_PRICE,USD,5,,,5,0,,,Nov-24-25 15:51:02 PST,Dec-24-25 15:51:02 PST,Motherboard Backplates,170080,,,New,,,,,,US,,,
2.86968E+11,"Asus H110M-D I/O Shield, 3D Printed, IO Backplate",,,10,FIXED_PRICE,USD,5,,,5,0,,,Nov-24-25 15:51:02 PST,Dec-24-25 15:51:02 PST,Motherboard Backplates,170080,,,New,,,,,,US,,,
2.86968E+11,"Msi B760M-X I/O Shield, 3D Printed, IO Backplate",,,10,FIXED_PRICE,USD,5,,,5,0,,,Nov-24-25 15:51:03 PST,Dec-24-25 15:51:03 PST,Motherboard Backplates,170080,,,New,,,,,,US,,,
2.86968E+11,"Gigabyte H510m-h I/O Shield, 3D Printed, IO Backplate",,,10,FIXED_PRICE,USD,5,,,5,0,,,Nov-24-25 15:51:03 PST,Dec-24-25 15:51:03 PST,Motherboard Backplates,170080,,,New,,,,,,US,,,
2.86968E+11,"Asus X99 WS I/O Shield, 3D Printed, IO Backplate",,,10,FIXED_PRICE,USD,5,,,5,0,,,Nov-24-25 15:51:03 PST,Dec-24-25 15:51:03 PST,Motherboard Backplates,170080,,,New,,,,,,US,,,
2.86968E+11,"Asus Prime H410M-K I/O Shield, 3D Printed, IO Backplate",,,10,FIXED_PRICE,USD,5,,,5,0,,,Nov-24-25 15:51:03 PST,Dec-24-25 15:51:03 PST,Motherboard Backplates,170080,,,New,,,,,,US,,,
2.86968E+11,"Huananzhi X99 QD4 I/O Shield, 3D Printed, IO Backplate",,,10,FIXED_PRICE,USD,5,,,5,0,,,Nov-24-25 15:51:03 PST,Dec-24-25 15:51:03 PST,Motherboard Backplates,170080,,,New,,,,,,US,,,
2.86968E+11,"Asus A320i-k I/O Shield, 3D Printed, IO Backplate",,,10,FIXED_PRICE,USD,5,,,5,0,,,Nov-24-25 15:51:03 PST,Dec-24-25 15:51:03 PST,Motherboard Backplates,170080,,,New,,,,,,US,,,
2.86968E+11,"Asus Maximus 5 GENE I/O Shield, 3D Printed, IO Backplate",,,10,FIXED_PRICE,USD,5,,,5,0,,,Nov-24-25 15:51:03 PST,Dec-24-25 15:51:03 PST,Motherboard Backplates,170080,,,New,,,,,,US,,,
2.86968E+11,"Asus Maximus 6 I/O Shield, 3D Printed, IO Backplate",,,10,FIXED_PRICE,USD,5,,,5,0,,,Nov-24-25 15:51:03 PST,Dec-24-25 15:51:03 PST,Motherboard Backplates,170080,,,New,,,,,,US,,,
2.86968E+11,"Asus H81M-D I/O Shield, 3D Printed, IO Backplate",,,10,FIXED_PRICE,USD,5,,,5,0,,,Nov-24-25 15:51:03 PST,Dec-24-25 15:51:03 PST,Motherboard Backplates,170080,,,New,,,,,,US,,,
2.86968E+11,"Gigabyte B550M DS3H  I/O Shield, 3D Printed, IO Backplate",,,10,FIXED_PRICE,USD,5,,,5,0,,,Nov-24-25 15:51:03 PST,Dec-24-25 15:51:03 PST,Motherboard Backplates,170080,,,New,,,,,,US,,,
2.86968E+11,"EVGA X-99 Micro 2 I/O Shield, 3D Printed, IO Backplate",,,10,FIXED_PRICE,USD,5,,,5,0,,,Nov-24-25 15:51:03 PST,Dec-24-25 15:51:03 PST,Motherboard Backplates,170080,,,New,,,,,,US,,,
2.86968E+11,"Asus Z390-A I/O Shield, 3D Printed, IO Backplate",,,10,FIXED_PRICE,USD,5,,,5,0,,,Nov-24-25 15:51:03 PST,Dec-24-25 15:51:03 PST,Motherboard Backplates,170080,,,New,,,,,,US,,,
2.86968E+11,"Gigabyte B450m DS3H WiF EROSION I/O Shield, 3D Printed, IO Backplate",,,10,FIXED_PRICE,USD,5,,,5,0,,,Nov-24-25 15:51:03 PST,Dec-24-25 15:51:03 PST,Motherboard Backplates,170080,,,New,,,,,,US,,,
2.86968E+11,"Asrock H310M-ITX ac I/O Shield, 3D Printed, IO Backplate",,,10,FIXED_PRICE,USD,5,,,5,0,,,Nov-24-25 15:51:03 PST,Dec-24-25 15:51:03 PST,Motherboard Backplates,170080,,,New,,,,,,US,,,
2.86968E+11,"Huananzhi X58 R3.0 I/O Shield, 3D Printed, IO Backplate",,,10,FIXED_PRICE,USD,5,,,5,0,,,Nov-24-25 15:51:03 PST,Dec-24-25 15:51:03 PST,Motherboard Backplates,170080,,,New,,,,,,US,,,
2.86968E+11,"Msi NF980-G65 I/O Shield, 3D Printed, IO Backplate",,,10,FIXED_PRICE,USD,5,,,5,0,,,Nov-24-25 15:51:03 PST,Dec-24-25 15:51:03 PST,Motherboard Backplates,170080,,,New,,,,,,US,,,
2.86968E+11,"Msi Pro B550M-P Gen 3 I/O Shield, 3D Printed, IO Backplate",,,10,FIXED_PRICE,USD,5,,,5,0,,,Nov-24-25 15:51:03 PST,Dec-24-25 15:51:03 PST,Motherboard Backplates,170080,,,New,,,,,,US,,,
